pesquisa_id;ano;unidades_federativas_id;unidade_federativa_nome;ambito;cargos_id;cargo;tipo_id;tipo;turno;data_pesquisa;instituto_id;instituto;voto_tipo;cenario_id;cenario_descricao;candidatos_id;candidato_partido;candidato;ano_default;condicao;percentual;data_referencia;margem_mais;margem_menos;contratante;num_registro;orgao_registro;qtd_entrevistas;partidos_id;partido;cidade
9250;2022;6;BRASIL;BR;3;Presidente;2;Estimulada;1;2019-08-18;59;FSB;Votos Totais;23199;cenário 1 - estimulado - 1º turno;289;Ciro (PDT);Ciro;;0;11.00;16-18.ago.2019;2.00;2.00;Veja;;;2000;10;PDT;
9250;2022;6;BRASIL;BR;3;Presidente;2;Estimulada;1;2019-08-18;59;FSB;Votos Totais;23199;cenário 1 - estimulado - 1º turno;5047;nenhum (N/A);nenhum;;1;9.00;16-18.ago.2019;2.00;2.00;Veja;;;2000;1;N/A;
9250;2022;6;BRASIL;BR;3;Presidente;2;Estimulada;1;2019-08-18;59;FSB;Votos Totais;23199;cenário 1 - estimulado - 1º turno;5149;branco (N/A);branco;;1;3.00;16-18.ago.2019;2.00;2.00;Veja;;;2000;1;N/A;
9250;2022;6;BRASIL;BR;3;Presidente;2;Estimulada;1;2019-08-18;59;FSB;Votos Totais;23199;cenário 1 - estimulado - 1º turno;5150;nulo (N/A);nulo;;1;3.00;16-18.ago.2019;2.00;2.00;Veja;;;2000;1;N/A;
9250;2022;6;BRASIL;BR;3;Presidente;2;Estimulada;1;2019-08-18;59;FSB;Votos Totais;23199;cenário 1 - estimulado - 1º turno;5511;não iria votar (N/A);não iria votar;;0;1.00;16-18.ago.2019;2.00;2.00;Veja;;;2000;1;N/A;
9250;2022;6;BRASIL;BR;3;Presidente;2;Estimulada;1;2019-08-18;59;FSB;Votos Totais;23199;cenário 1 - estimulado - 1º turno;841;João Amoêdo (Novo);João Amoêdo;;0;5.00;16-18.ago.2019;2.00;2.00;Veja;;;2000;5;Novo;
9250;2022;6;BRASIL;BR;3;Presidente;2;Estimulada;1;2019-08-18;59;FSB;Votos Totais;23199;cenário 1 - estimulado - 1º turno;940;Luciano Huck (N/A);Luciano Huck;;0;11.00;16-18.ago.2019;2.00;2.00;Veja;;;2000;1;N/A;
9250;2022;6;BRASIL;BR;3;Presidente;2;Estimulada;1;2019-08-18;59;FSB;Votos Totais;23199;cenário 1 - estimulado - 1º turno;1210;não sabe / não respondeu (N/A);não sabe / não respondeu;;1;3.00;16-18.ago.2019;2.00;2.00;Veja;;;2000;1;N/A;
9250;2022;6;BRASIL;BR;3;Presidente;2;Estimulada;1;2019-08-18;59;FSB;Votos Totais;23199;cenário 1 - estimulado - 1º turno;855;João Doria (PSDB);João Doria;2018-Governador;0;3.00;16-18.ago.2019;2.00;2.00;Veja;;;2000;33;PSDB;
9250;2022;6;BRASIL;BR;3;Presidente;2;Estimulada;1;2019-08-18;59;FSB;Votos Totais;23199;cenário 1 - estimulado - 1º turno;706;Bolsonaro (N/A);Bolsonaro;2018-Presidente;0;35.00;16-18.ago.2019;2.00;2.00;Veja;;;2000;1;N/A;
9250;2022;6;BRASIL;BR;3;Presidente;2;Estimulada;1;2019-08-18;59;FSB;Votos Totais;23199;cenário 1 - estimulado - 1º turno;508;Fernando Haddad (PT);Fernando Haddad;2018-Presidente;0;17.00;16-18.ago.2019;2.00;2.00;Veja;;;2000;39;PT;
9250;2022;6;BRASIL;BR;3;Presidente;2;Estimulada;1;2019-08-18;59;FSB;Votos Totais;23200;cenário 2 - estimulado - 1º turno;1210;não sabe / não respondeu (N/A);não sabe / não respondeu;;1;2.00;16-18.ago.2019;2.00;2.00;Veja;;;2000;1;N/A;
9250;2022;6;BRASIL;BR;3;Presidente;2;Estimulada;1;2019-08-18;59;FSB;Votos Totais;23200;cenário 2 - estimulado - 1º turno;1583;Sérgio Moro (N/A);Sérgio Moro;;0;27.00;16-18.ago.2019;2.00;2.00;Veja;;;2000;1;N/A;
9250;2022;6;BRASIL;BR;3;Presidente;2;Estimulada;1;2019-08-18;59;FSB;Votos Totais;23200;cenário 2 - estimulado - 1º turno;508;Fernando Haddad (PT);Fernando Haddad;2018-Presidente;0;18.00;16-18.ago.2019;2.00;2.00;Veja;;;2000;39;PT;
9250;2022;6;BRASIL;BR;3;Presidente;2;Estimulada;1;2019-08-18;59;FSB;Votos Totais;23200;cenário 2 - estimulado - 1º turno;289;Ciro (PDT);Ciro;;0;13.00;16-18.ago.2019;2.00;2.00;Veja;;;2000;10;PDT;
9250;2022;6;BRASIL;BR;3;Presidente;2;Estimulada;1;2019-08-18;59;FSB;Votos Totais;23200;cenário 2 - estimulado - 1º turno;940;Luciano Huck (N/A);Luciano Huck;;0;13.00;16-18.ago.2019;2.00;2.00;Veja;;;2000;1;N/A;
9250;2022;6;BRASIL;BR;3;Presidente;2;Estimulada;1;2019-08-18;59;FSB;Votos Totais;23200;cenário 2 - estimulado - 1º turno;841;João Amoêdo (Novo);João Amoêdo;;0;5.00;16-18.ago.2019;2.00;2.00;Veja;;;2000;5;Novo;
9250;2022;6;BRASIL;BR;3;Presidente;2;Estimulada;1;2019-08-18;59;FSB;Votos Totais;23200;cenário 2 - estimulado - 1º turno;855;João Doria (PSDB);João Doria;2018-Governador;0;5.00;16-18.ago.2019;2.00;2.00;Veja;;;2000;33;PSDB;
9250;2022;6;BRASIL;BR;3;Presidente;2;Estimulada;1;2019-08-18;59;FSB;Votos Totais;23200;cenário 2 - estimulado - 1º turno;5047;nenhum (N/A);nenhum;;1;10.00;16-18.ago.2019;2.00;2.00;Veja;;;2000;1;N/A;
9250;2022;6;BRASIL;BR;3;Presidente;2;Estimulada;1;2019-08-18;59;FSB;Votos Totais;23200;cenário 2 - estimulado - 1º turno;5511;não iria votar (N/A);não iria votar;;0;1.00;16-18.ago.2019;2.00;2.00;Veja;;;2000;1;N/A;
9250;2022;6;BRASIL;BR;3;Presidente;2;Estimulada;1;2019-08-18;59;FSB;Votos Totais;23200;cenário 2 - estimulado - 1º turno;5149;branco (N/A);branco;;1;2.00;16-18.ago.2019;2.00;2.00;Veja;;;2000;1;N/A;
9250;2022;6;BRASIL;BR;3;Presidente;2;Estimulada;1;2019-08-18;59;FSB;Votos Totais;23200;cenário 2 - estimulado - 1º turno;5150;nulo (N/A);nulo;;1;3.00;16-18.ago.2019;2.00;2.00;Veja;;;2000;1;N/A;
9250;2022;6;BRASIL;BR;3;Presidente;2;Estimulada;2;2019-08-18;59;FSB;Votos Totais;23211;cenário 1 - estimulado - 2º turno;5511;não iria votar (N/A);não iria votar;;0;1.00;16-18.ago.2019;2.00;2.00;Veja;;;2000;1;N/A;
9250;2022;6;BRASIL;BR;3;Presidente;2;Estimulada;2;2019-08-18;59;FSB;Votos Totais;23211;cenário 1 - estimulado - 2º turno;5047;nenhum (N/A);nenhum;;1;9.00;16-18.ago.2019;2.00;2.00;Veja;;;2000;1;N/A;
9250;2022;6;BRASIL;BR;3;Presidente;2;Estimulada;2;2019-08-18;59;FSB;Votos Totais;23211;cenário 1 - estimulado - 2º turno;5150;nulo (N/A);nulo;;1;4.00;16-18.ago.2019;2.00;2.00;Veja;;;2000;1;N/A;
9250;2022;6;BRASIL;BR;3;Presidente;2;Estimulada;2;2019-08-18;59;FSB;Votos Totais;23211;cenário 1 - estimulado - 2º turno;5149;branco (N/A);branco;;1;2.00;16-18.ago.2019;2.00;2.00;Veja;;;2000;1;N/A;
9250;2022;6;BRASIL;BR;3;Presidente;2;Estimulada;2;2019-08-18;59;FSB;Votos Totais;23211;cenário 1 - estimulado - 2º turno;508;Fernando Haddad (PT);Fernando Haddad;2018-Presidente;0;35.00;16-18.ago.2019;2.00;2.00;Veja;;;2000;39;PT;
9250;2022;6;BRASIL;BR;3;Presidente;2;Estimulada;2;2019-08-18;59;FSB;Votos Totais;23211;cenário 1 - estimulado - 2º turno;706;Bolsonaro (N/A);Bolsonaro;2018-Presidente;0;48.00;16-18.ago.2019;2.00;2.00;Veja;;;2000;1;N/A;
9250;2022;6;BRASIL;BR;3;Presidente;2;Estimulada;2;2019-08-18;59;FSB;Votos Totais;23211;cenário 1 - estimulado - 2º turno;1210;não sabe / não respondeu (N/A);não sabe / não respondeu;;1;2.00;16-18.ago.2019;2.00;2.00;Veja;;;2000;1;N/A;
9250;2022;6;BRASIL;BR;3;Presidente;2;Estimulada;2;2019-08-18;59;FSB;Votos Totais;23212;cenário 2  - estimulado - 2º turno;5047;nenhum (N/A);nenhum;;1;12.00;16-18.ago.2019;2.00;2.00;Veja;;;2000;1;N/A;
9250;2022;6;BRASIL;BR;3;Presidente;2;Estimulada;2;2019-08-18;59;FSB;Votos Totais;23212;cenário 2  - estimulado - 2º turno;5511;não iria votar (N/A);não iria votar;;0;1.00;16-18.ago.2019;2.00;2.00;Veja;;;2000;1;N/A;
9250;2022;6;BRASIL;BR;3;Presidente;2;Estimulada;2;2019-08-18;59;FSB;Votos Totais;23212;cenário 2  - estimulado - 2º turno;1210;não sabe / não respondeu (N/A);não sabe / não respondeu;;1;2.00;16-18.ago.2019;2.00;2.00;Veja;;;2000;1;N/A;
9250;2022;6;BRASIL;BR;3;Presidente;2;Estimulada;2;2019-08-18;59;FSB;Votos Totais;23212;cenário 2  - estimulado - 2º turno;706;Bolsonaro (N/A);Bolsonaro;2018-Presidente;0;45.00;16-18.ago.2019;2.00;2.00;Veja;;;2000;1;N/A;
9250;2022;6;BRASIL;BR;3;Presidente;2;Estimulada;2;2019-08-18;59;FSB;Votos Totais;23212;cenário 2  - estimulado - 2º turno;855;João Doria (PSDB);João Doria;2018-Governador;0;29.00;16-18.ago.2019;2.00;2.00;Veja;;;2000;33;PSDB;
9250;2022;6;BRASIL;BR;3;Presidente;2;Estimulada;2;2019-08-18;59;FSB;Votos Totais;23212;cenário 2  - estimulado - 2º turno;5149;branco (N/A);branco;;1;4.00;16-18.ago.2019;2.00;2.00;Veja;;;2000;1;N/A;
9250;2022;6;BRASIL;BR;3;Presidente;2;Estimulada;2;2019-08-18;59;FSB;Votos Totais;23212;cenário 2  - estimulado - 2º turno;5150;nulo (N/A);nulo;;1;6.00;16-18.ago.2019;2.00;2.00;Veja;;;2000;1;N/A;
9250;2022;6;BRASIL;BR;3;Presidente;2;Estimulada;2;2019-08-18;59;FSB;Votos Totais;23213;cenário 3 - estimulado - 2º turno;5150;nulo (N/A);nulo;;1;7.00;16-18.ago.2019;2.00;2.00;Veja;;;2000;1;N/A;
9250;2022;6;BRASIL;BR;3;Presidente;2;Estimulada;2;2019-08-18;59;FSB;Votos Totais;23213;cenário 3 - estimulado - 2º turno;5047;nenhum (N/A);nenhum;;1;15.00;16-18.ago.2019;2.00;2.00;Veja;;;2000;1;N/A;
9250;2022;6;BRASIL;BR;3;Presidente;2;Estimulada;2;2019-08-18;59;FSB;Votos Totais;23213;cenário 3 - estimulado - 2º turno;5511;não iria votar (N/A);não iria votar;;0;1.00;16-18.ago.2019;2.00;2.00;Veja;;;2000;1;N/A;
9250;2022;6;BRASIL;BR;3;Presidente;2;Estimulada;2;2019-08-18;59;FSB;Votos Totais;23213;cenário 3 - estimulado - 2º turno;1210;não sabe / não respondeu (N/A);não sabe / não respondeu;;1;3.00;16-18.ago.2019;2.00;2.00;Veja;;;2000;1;N/A;
9250;2022;6;BRASIL;BR;3;Presidente;2;Estimulada;2;2019-08-18;59;FSB;Votos Totais;23213;cenário 3 - estimulado - 2º turno;855;João Doria (PSDB);João Doria;2018-Governador;0;33.00;16-18.ago.2019;2.00;2.00;Veja;;;2000;33;PSDB;
9250;2022;6;BRASIL;BR;3;Presidente;2;Estimulada;2;2019-08-18;59;FSB;Votos Totais;23213;cenário 3 - estimulado - 2º turno;508;Fernando Haddad (PT);Fernando Haddad;2018-Presidente;0;37.00;16-18.ago.2019;2.00;2.00;Veja;;;2000;39;PT;
9250;2022;6;BRASIL;BR;3;Presidente;2;Estimulada;2;2019-08-18;59;FSB;Votos Totais;23213;cenário 3 - estimulado - 2º turno;5149;branco (N/A);branco;;1;5.00;16-18.ago.2019;2.00;2.00;Veja;;;2000;1;N/A;
9249;2022;6;BRASIL;BR;3;Presidente;2;Estimulada;1;2019-10-14;59;FSB;Votos Totais;23196;cenário 1 - estimulado - 1º turno;5047;nenhum (N/A);nenhum;;1;10.00;11-14.out.2019;2.00;2.00;Veja;;;2000;1;N/A;
9249;2022;6;BRASIL;BR;3;Presidente;2;Estimulada;1;2019-10-14;59;FSB;Votos Totais;23196;cenário 1 - estimulado - 1º turno;5511;não iria votar (N/A);não iria votar;;0;1.00;11-14.out.2019;2.00;2.00;Veja;;;2000;1;N/A;
9249;2022;6;BRASIL;BR;3;Presidente;2;Estimulada;1;2019-10-14;59;FSB;Votos Totais;23196;cenário 1 - estimulado - 1º turno;1210;não sabe / não respondeu (N/A);não sabe / não respondeu;;1;6.00;11-14.out.2019;2.00;2.00;Veja;;;2000;1;N/A;
9249;2022;6;BRASIL;BR;3;Presidente;2;Estimulada;1;2019-10-14;59;FSB;Votos Totais;23196;cenário 1 - estimulado - 1º turno;841;João Amoêdo (Novo);João Amoêdo;;0;5.00;11-14.out.2019;2.00;2.00;Veja;;;2000;5;Novo;
9249;2022;6;BRASIL;BR;3;Presidente;2;Estimulada;1;2019-10-14;59;FSB;Votos Totais;23196;cenário 1 - estimulado - 1º turno;855;João Doria (PSDB);João Doria;2018-Governador;0;3.00;11-14.out.2019;2.00;2.00;Veja;;;2000;33;PSDB;
9249;2022;6;BRASIL;BR;3;Presidente;2;Estimulada;1;2019-10-14;59;FSB;Votos Totais;23196;cenário 1 - estimulado - 1º turno;5149;branco (N/A);branco;;1;1.00;11-14.out.2019;2.00;2.00;Veja;;;2000;1;N/A;
9249;2022;6;BRASIL;BR;3;Presidente;2;Estimulada;1;2019-10-14;59;FSB;Votos Totais;23196;cenário 1 - estimulado - 1º turno;5150;nulo (N/A);nulo;;1;4.00;11-14.out.2019;2.00;2.00;Veja;;;2000;1;N/A;
9249;2022;6;BRASIL;BR;3;Presidente;2;Estimulada;1;2019-10-14;59;FSB;Votos Totais;23196;cenário 1 - estimulado - 1º turno;289;Ciro (PDT);Ciro;;0;9.00;11-14.out.2019;2.00;2.00;Veja;;;2000;10;PDT;
9249;2022;6;BRASIL;BR;3;Presidente;2;Estimulada;1;2019-10-14;59;FSB;Votos Totais;23196;cenário 1 - estimulado - 1º turno;940;Luciano Huck (N/A);Luciano Huck;;0;11.00;11-14.out.2019;2.00;2.00;Veja;;;2000;1;N/A;
9249;2022;6;BRASIL;BR;3;Presidente;2;Estimulada;1;2019-10-14;59;FSB;Votos Totais;23196;cenário 1 - estimulado - 1º turno;508;Fernando Haddad (PT);Fernando Haddad;2018-Presidente;0;17.00;11-14.out.2019;2.00;2.00;Veja;;;2000;39;PT;
9249;2022;6;BRASIL;BR;3;Presidente;2;Estimulada;1;2019-10-14;59;FSB;Votos Totais;23196;cenário 1 - estimulado - 1º turno;706;Bolsonaro (N/A);Bolsonaro;2018-Presidente;0;34.00;11-14.out.2019;2.00;2.00;Veja;;;2000;1;N/A;
9249;2022;6;BRASIL;BR;3;Presidente;2;Estimulada;1;2019-10-14;59;FSB;Votos Totais;23197;cenário 2 - estimulado - 1º turno;289;Ciro (PDT);Ciro;;0;11.00;11-14.out.2019;2.00;2.00;Veja;;;2000;10;PDT;
9249;2022;6;BRASIL;BR;3;Presidente;2;Estimulada;1;2019-10-14;59;FSB;Votos Totais;23197;cenário 2 - estimulado - 1º turno;1583;Sérgio Moro (N/A);Sérgio Moro;;0;30.00;11-14.out.2019;2.00;2.00;Veja;;;2000;1;N/A;
9249;2022;6;BRASIL;BR;3;Presidente;2;Estimulada;1;2019-10-14;59;FSB;Votos Totais;23197;cenário 2 - estimulado - 1º turno;508;Fernando Haddad (PT);Fernando Haddad;2018-Presidente;0;16.00;11-14.out.2019;2.00;2.00;Veja;;;2000;39;PT;
9249;2022;6;BRASIL;BR;3;Presidente;2;Estimulada;1;2019-10-14;59;FSB;Votos Totais;23197;cenário 2 - estimulado - 1º turno;940;Luciano Huck (N/A);Luciano Huck;;0;16.00;11-14.out.2019;2.00;2.00;Veja;;;2000;1;N/A;
9249;2022;6;BRASIL;BR;3;Presidente;2;Estimulada;1;2019-10-14;59;FSB;Votos Totais;23197;cenário 2 - estimulado - 1º turno;841;João Amoêdo (Novo);João Amoêdo;;0;5.00;11-14.out.2019;2.00;2.00;Veja;;;2000;5;Novo;
9249;2022;6;BRASIL;BR;3;Presidente;2;Estimulada;1;2019-10-14;59;FSB;Votos Totais;23197;cenário 2 - estimulado - 1º turno;855;João Doria (PSDB);João Doria;2018-Governador;0;5.00;11-14.out.2019;2.00;2.00;Veja;;;2000;33;PSDB;
9249;2022;6;BRASIL;BR;3;Presidente;2;Estimulada;1;2019-10-14;59;FSB;Votos Totais;23197;cenário 2 - estimulado - 1º turno;5149;branco (N/A);branco;;1;1.00;11-14.out.2019;2.00;2.00;Veja;;;2000;1;N/A;
9249;2022;6;BRASIL;BR;3;Presidente;2;Estimulada;1;2019-10-14;59;FSB;Votos Totais;23197;cenário 2 - estimulado - 1º turno;5150;nulo (N/A);nulo;;1;3.00;11-14.out.2019;2.00;2.00;Veja;;;2000;1;N/A;
9249;2022;6;BRASIL;BR;3;Presidente;2;Estimulada;1;2019-10-14;59;FSB;Votos Totais;23197;cenário 2 - estimulado - 1º turno;5047;nenhum (N/A);nenhum;;1;9.00;11-14.out.2019;2.00;2.00;Veja;;;2000;1;N/A;
9249;2022;6;BRASIL;BR;3;Presidente;2;Estimulada;1;2019-10-14;59;FSB;Votos Totais;23197;cenário 2 - estimulado - 1º turno;5511;não iria votar (N/A);não iria votar;;0;0.00;11-14.out.2019;2.00;2.00;Veja;;;2000;1;N/A;
9249;2022;6;BRASIL;BR;3;Presidente;2;Estimulada;1;2019-10-14;59;FSB;Votos Totais;23197;cenário 2 - estimulado - 1º turno;1210;não sabe / não respondeu (N/A);não sabe / não respondeu;;1;3.00;11-14.out.2019;2.00;2.00;Veja;;;2000;1;N/A;
9249;2022;6;BRASIL;BR;3;Presidente;2;Estimulada;1;2019-10-14;59;FSB;Votos Totais;23198;cenário 3 - estimulado - 1º turno;5149;branco (N/A);branco;;1;1.00;11-14.out.2019;2.00;2.00;Veja;;;2000;1;N/A;
9249;2022;6;BRASIL;BR;3;Presidente;2;Estimulada;1;2019-10-14;59;FSB;Votos Totais;23198;cenário 3 - estimulado - 1º turno;1583;Sérgio Moro (N/A);Sérgio Moro;;0;17.00;11-14.out.2019;2.00;2.00;Veja;;;2000;1;N/A;
9249;2022;6;BRASIL;BR;3;Presidente;2;Estimulada;1;2019-10-14;59;FSB;Votos Totais;23198;cenário 3 - estimulado - 1º turno;940;Luciano Huck (N/A);Luciano Huck;;0;15.00;11-14.out.2019;2.00;2.00;Veja;;;2000;1;N/A;
9249;2022;6;BRASIL;BR;3;Presidente;2;Estimulada;1;2019-10-14;59;FSB;Votos Totais;23198;cenário 3 - estimulado - 1º turno;508;Fernando Haddad (PT);Fernando Haddad;2018-Presidente;0;14.00;11-14.out.2019;2.00;2.00;Veja;;;2000;39;PT;
9249;2022;6;BRASIL;BR;3;Presidente;2;Estimulada;1;2019-10-14;59;FSB;Votos Totais;23198;cenário 3 - estimulado - 1º turno;855;João Doria (PSDB);João Doria;2018-Governador;0;3.00;11-14.out.2019;2.00;2.00;Veja;;;2000;33;PSDB;
9249;2022;6;BRASIL;BR;3;Presidente;2;Estimulada;1;2019-10-14;59;FSB;Votos Totais;23198;cenário 3 - estimulado - 1º turno;841;João Amoêdo (Novo);João Amoêdo;;0;4.00;11-14.out.2019;2.00;2.00;Veja;;;2000;5;Novo;
9249;2022;6;BRASIL;BR;3;Presidente;2;Estimulada;1;2019-10-14;59;FSB;Votos Totais;23198;cenário 3 - estimulado - 1º turno;289;Ciro (PDT);Ciro;;0;10.00;11-14.out.2019;2.00;2.00;Veja;;;2000;10;PDT;
9249;2022;6;BRASIL;BR;3;Presidente;2;Estimulada;1;2019-10-14;59;FSB;Votos Totais;23198;cenário 3 - estimulado - 1º turno;5150;nulo (N/A);nulo;;1;2.00;11-14.out.2019;2.00;2.00;Veja;;;2000;1;N/A;
9249;2022;6;BRASIL;BR;3;Presidente;2;Estimulada;1;2019-10-14;59;FSB;Votos Totais;23198;cenário 3 - estimulado - 1º turno;5047;nenhum (N/A);nenhum;;1;6.00;11-14.out.2019;2.00;2.00;Veja;;;2000;1;N/A;
9249;2022;6;BRASIL;BR;3;Presidente;2;Estimulada;1;2019-10-14;59;FSB;Votos Totais;23198;cenário 3 - estimulado - 1º turno;5511;não iria votar (N/A);não iria votar;;0;0.00;11-14.out.2019;2.00;2.00;Veja;;;2000;1;N/A;
9249;2022;6;BRASIL;BR;3;Presidente;2;Estimulada;1;2019-10-14;59;FSB;Votos Totais;23198;cenário 3 - estimulado - 1º turno;1210;não sabe / não respondeu (N/A);não sabe / não respondeu;;1;3.00;11-14.out.2019;2.00;2.00;Veja;;;2000;1;N/A;
9249;2022;6;BRASIL;BR;3;Presidente;2;Estimulada;1;2019-10-14;59;FSB;Votos Totais;23198;cenário 3 - estimulado - 1º turno;706;Bolsonaro (N/A);Bolsonaro;2018-Presidente;0;24.00;11-14.out.2019;2.00;2.00;Veja;;;2000;1;N/A;
9249;2022;6;BRASIL;BR;3;Presidente;2;Estimulada;2;2019-10-14;59;FSB;Votos Totais;23202;cenário 1 - estimulado - 2º turno;213;branco / nulo / indeciso / nenhum / não sabe / não respondeu (N/A);branco / nulo / indeciso / nenhum / não sabe / não respondeu;;1;20.00;11-14.out.2019;2.00;2.00;Veja;;;2000;1;N/A;
9249;2022;6;BRASIL;BR;3;Presidente;2;Estimulada;2;2019-10-14;59;FSB;Votos Totais;23202;cenário 1 - estimulado - 2º turno;508;Fernando Haddad (PT);Fernando Haddad;2018-Presidente;0;34.00;11-14.out.2019;2.00;2.00;Veja;;;2000;39;PT;
9249;2022;6;BRASIL;BR;3;Presidente;2;Estimulada;2;2019-10-14;59;FSB;Votos Totais;23202;cenário 1 - estimulado - 2º turno;706;Bolsonaro (N/A);Bolsonaro;2018-Presidente;0;47.00;11-14.out.2019;2.00;2.00;Veja;;;2000;1;N/A;
9249;2022;6;BRASIL;BR;3;Presidente;2;Estimulada;2;2019-10-14;59;FSB;Votos Totais;23203;cenário 2 - estimulado - 2º turno;213;branco / nulo / indeciso / nenhum / não sabe / não respondeu (N/A);branco / nulo / indeciso / nenhum / não sabe / não respondeu;;1;19.00;11-14.out.2019;2.00;2.00;Veja;;;2000;1;N/A;
9249;2022;6;BRASIL;BR;3;Presidente;2;Estimulada;2;2019-10-14;59;FSB;Votos Totais;23203;cenário 2 - estimulado - 2º turno;706;Bolsonaro (N/A);Bolsonaro;2018-Presidente;0;43.00;11-14.out.2019;2.00;2.00;Veja;;;2000;1;N/A;
9249;2022;6;BRASIL;BR;3;Presidente;2;Estimulada;2;2019-10-14;59;FSB;Votos Totais;23203;cenário 2 - estimulado - 2º turno;940;Luciano Huck (N/A);Luciano Huck;;0;39.00;11-14.out.2019;2.00;2.00;Veja;;;2000;1;N/A;
9249;2022;6;BRASIL;BR;3;Presidente;2;Estimulada;2;2019-10-14;59;FSB;Votos Totais;23204;cenário 3 - estimulado - 2º turno;973;Lula (PT);Lula;;0;38.00;11-14.out.2019;2.00;2.00;Veja;;;2000;39;PT;
9249;2022;6;BRASIL;BR;3;Presidente;2;Estimulada;2;2019-10-14;59;FSB;Votos Totais;23204;cenário 3 - estimulado - 2º turno;213;branco / nulo / indeciso / nenhum / não sabe / não respondeu (N/A);branco / nulo / indeciso / nenhum / não sabe / não respondeu;;1;17.00;11-14.out.2019;2.00;2.00;Veja;;;2000;1;N/A;
9249;2022;6;BRASIL;BR;3;Presidente;2;Estimulada;2;2019-10-14;59;FSB;Votos Totais;23204;cenário 3 - estimulado - 2º turno;706;Bolsonaro (N/A);Bolsonaro;2018-Presidente;0;46.00;11-14.out.2019;2.00;2.00;Veja;;;2000;1;N/A;
9249;2022;6;BRASIL;BR;3;Presidente;2;Estimulada;2;2019-10-14;59;FSB;Votos Totais;23205;cenário 4 - estimulado - 2º turno;940;Luciano Huck (N/A);Luciano Huck;;0;40.00;11-14.out.2019;2.00;2.00;Veja;;;2000;1;N/A;
9249;2022;6;BRASIL;BR;3;Presidente;2;Estimulada;2;2019-10-14;59;FSB;Votos Totais;23205;cenário 4 - estimulado - 2º turno;508;Fernando Haddad (PT);Fernando Haddad;2018-Presidente;0;29.00;11-14.out.2019;2.00;2.00;Veja;;;2000;39;PT;
9249;2022;6;BRASIL;BR;3;Presidente;2;Estimulada;2;2019-10-14;59;FSB;Votos Totais;23205;cenário 4 - estimulado - 2º turno;213;branco / nulo / indeciso / nenhum / não sabe / não respondeu (N/A);branco / nulo / indeciso / nenhum / não sabe / não respondeu;;1;32.00;11-14.out.2019;2.00;2.00;Veja;;;2000;1;N/A;
9249;2022;6;BRASIL;BR;3;Presidente;2;Estimulada;2;2019-10-14;59;FSB;Votos Totais;23206;cenário 5 - estimulado - 2º turno;213;branco / nulo / indeciso / nenhum / não sabe / não respondeu (N/A);branco / nulo / indeciso / nenhum / não sabe / não respondeu;;1;27.00;11-14.out.2019;2.00;2.00;Veja;;;2000;1;N/A;
9249;2022;6;BRASIL;BR;3;Presidente;2;Estimulada;2;2019-10-14;59;FSB;Votos Totais;23206;cenário 5 - estimulado - 2º turno;1583;Sérgio Moro (N/A);Sérgio Moro;;0;38.00;11-14.out.2019;2.00;2.00;Veja;;;2000;1;N/A;
9249;2022;6;BRASIL;BR;3;Presidente;2;Estimulada;2;2019-10-14;59;FSB;Votos Totais;23206;cenário 5 - estimulado - 2º turno;706;Bolsonaro (N/A);Bolsonaro;2018-Presidente;0;34.00;11-14.out.2019;2.00;2.00;Veja;;;2000;1;N/A;
9249;2022;6;BRASIL;BR;3;Presidente;2;Estimulada;2;2019-10-14;59;FSB;Votos Totais;23207;cenário 6 - estimulado - 2º turno;213;branco / nulo / indeciso / nenhum / não sabe / não respondeu (N/A);branco / nulo / indeciso / nenhum / não sabe / não respondeu;;1;16.00;11-14.out.2019;2.00;2.00;Veja;;;2000;1;N/A;
9249;2022;6;BRASIL;BR;3;Presidente;2;Estimulada;2;2019-10-14;59;FSB;Votos Totais;23207;cenário 6 - estimulado - 2º turno;1583;Sérgio Moro (N/A);Sérgio Moro;;0;52.00;11-14.out.2019;2.00;2.00;Veja;;;2000;1;N/A;
9249;2022;6;BRASIL;BR;3;Presidente;2;Estimulada;2;2019-10-14;59;FSB;Votos Totais;23207;cenário 6 - estimulado - 2º turno;508;Fernando Haddad (PT);Fernando Haddad;2018-Presidente;0;31.00;11-14.out.2019;2.00;2.00;Veja;;;2000;39;PT;
9249;2022;6;BRASIL;BR;3;Presidente;2;Estimulada;2;2019-10-14;59;FSB;Votos Totais;23208;cenário 7 - estimulado - 2º turno;213;branco / nulo / indeciso / nenhum / não sabe / não respondeu (N/A);branco / nulo / indeciso / nenhum / não sabe / não respondeu;;1;13.00;11-14.out.2019;2.00;2.00;Veja;;;2000;1;N/A;
9249;2022;6;BRASIL;BR;3;Presidente;2;Estimulada;2;2019-10-14;59;FSB;Votos Totais;23208;cenário 7 - estimulado - 2º turno;973;Lula (PT);Lula;;0;37.00;11-14.out.2019;2.00;2.00;Veja;;;2000;39;PT;
9249;2022;6;BRASIL;BR;3;Presidente;2;Estimulada;2;2019-10-14;59;FSB;Votos Totais;23208;cenário 7 - estimulado - 2º turno;1583;Sérgio Moro (N/A);Sérgio Moro;;0;50.00;11-14.out.2019;2.00;2.00;Veja;;;2000;1;N/A;
9249;2022;6;BRASIL;BR;3;Presidente;2;Estimulada;2;2019-10-14;59;FSB;Votos Totais;23209;cenário 8 - estimulado - 2º turno;940;Luciano Huck (N/A);Luciano Huck;;0;32.00;11-14.out.2019;2.00;2.00;Veja;;;2000;1;N/A;
9249;2022;6;BRASIL;BR;3;Presidente;2;Estimulada;2;2019-10-14;59;FSB;Votos Totais;23209;cenário 8 - estimulado - 2º turno;213;branco / nulo / indeciso / nenhum / não sabe / não respondeu (N/A);branco / nulo / indeciso / nenhum / não sabe / não respondeu;;1;19.00;11-14.out.2019;2.00;2.00;Veja;;;2000;1;N/A;
9249;2022;6;BRASIL;BR;3;Presidente;2;Estimulada;2;2019-10-14;59;FSB;Votos Totais;23209;cenário 8 - estimulado - 2º turno;1583;Sérgio Moro (N/A);Sérgio Moro;;0;49.00;11-14.out.2019;2.00;2.00;Veja;;;2000;1;N/A;
9249;2022;6;BRASIL;BR;3;Presidente;2;Estimulada;2;2019-10-14;59;FSB;Votos Totais;23210;cenário 9 - estimulado - 2º turno;855;João Doria (PSDB);João Doria;2018-Governador;0;26.00;11-14.out.2019;2.00;2.00;Veja;;;2000;33;PSDB;
9249;2022;6;BRASIL;BR;3;Presidente;2;Estimulada;2;2019-10-14;59;FSB;Votos Totais;23210;cenário 9 - estimulado - 2º turno;706;Bolsonaro (N/A);Bolsonaro;2018-Presidente;0;46.00;11-14.out.2019;2.00;2.00;Veja;;;2000;1;N/A;
9249;2022;6;BRASIL;BR;3;Presidente;2;Estimulada;2;2019-10-14;59;FSB;Votos Totais;23210;cenário 9 - estimulado - 2º turno;213;branco / nulo / indeciso / nenhum / não sabe / não respondeu (N/A);branco / nulo / indeciso / nenhum / não sabe / não respondeu;;1;29.00;11-14.out.2019;2.00;2.00;Veja;;;2000;1;N/A;
9248;2022;6;BRASIL;BR;3;Presidente;2;Estimulada;1;2019-12-02;59;FSB;Votos Totais;23188;cenário 1 - estimulado - 1º turno;508;Fernando Haddad (PT);Fernando Haddad;2018-Presidente;0;15.00;29.nov-2.dez.2019;2.00;2.00;Veja;;;2000;39;PT;
9248;2022;6;BRASIL;BR;3;Presidente;2;Estimulada;1;2019-12-02;59;FSB;Votos Totais;23188;cenário 1 - estimulado - 1º turno;706;Bolsonaro (N/A);Bolsonaro;2018-Presidente;0;33.00;29.nov-2.dez.2019;2.00;2.00;Veja;;;2000;1;N/A;
9248;2022;6;BRASIL;BR;3;Presidente;2;Estimulada;1;2019-12-02;59;FSB;Votos Totais;23188;cenário 1 - estimulado - 1º turno;940;Luciano Huck (N/A);Luciano Huck;;0;12.00;29.nov-2.dez.2019;2.00;2.00;Veja;;;2000;1;N/A;
9248;2022;6;BRASIL;BR;3;Presidente;2;Estimulada;1;2019-12-02;59;FSB;Votos Totais;23188;cenário 1 - estimulado - 1º turno;289;Ciro (PDT);Ciro;;0;11.00;29.nov-2.dez.2019;2.00;2.00;Veja;;;2000;10;PDT;
9248;2022;6;BRASIL;BR;3;Presidente;2;Estimulada;1;2019-12-02;59;FSB;Votos Totais;23188;cenário 1 - estimulado - 1º turno;841;João Amoêdo (Novo);João Amoêdo;;0;5.00;29.nov-2.dez.2019;2.00;2.00;Veja;;;2000;5;Novo;
9248;2022;6;BRASIL;BR;3;Presidente;2;Estimulada;1;2019-12-02;59;FSB;Votos Totais;23188;cenário 1 - estimulado - 1º turno;855;João Doria (PSDB);João Doria;2018-Governador;0;3.00;29.nov-2.dez.2019;2.00;2.00;Veja;;;2000;33;PSDB;
9248;2022;6;BRASIL;BR;3;Presidente;2;Estimulada;1;2019-12-02;59;FSB;Votos Totais;23188;cenário 1 - estimulado - 1º turno;5149;branco (N/A);branco;;1;0.00;29.nov-2.dez.2019;2.00;2.00;Veja;;;2000;1;N/A;
9248;2022;6;BRASIL;BR;3;Presidente;2;Estimulada;1;2019-12-02;59;FSB;Votos Totais;23188;cenário 1 - estimulado - 1º turno;5150;nulo (N/A);nulo;;1;2.00;29.nov-2.dez.2019;2.00;2.00;Veja;;;2000;1;N/A;
9248;2022;6;BRASIL;BR;3;Presidente;2;Estimulada;1;2019-12-02;59;FSB;Votos Totais;23188;cenário 1 - estimulado - 1º turno;5047;nenhum (N/A);nenhum;;1;16.00;29.nov-2.dez.2019;2.00;2.00;Veja;;;2000;1;N/A;
9248;2022;6;BRASIL;BR;3;Presidente;2;Estimulada;1;2019-12-02;59;FSB;Votos Totais;23188;cenário 1 - estimulado - 1º turno;5511;não iria votar (N/A);não iria votar;;0;0.00;29.nov-2.dez.2019;2.00;2.00;Veja;;;2000;1;N/A;
9248;2022;6;BRASIL;BR;3;Presidente;2;Estimulada;1;2019-12-02;59;FSB;Votos Totais;23188;cenário 1 - estimulado - 1º turno;1210;não sabe / não respondeu (N/A);não sabe / não respondeu;;1;4.00;29.nov-2.dez.2019;2.00;2.00;Veja;;;2000;1;N/A;
9248;2022;6;BRASIL;BR;3;Presidente;2;Estimulada;1;2019-12-02;59;FSB;Votos Totais;23189;cenário 2 - estimulado - 1º turno;5511;não iria votar (N/A);não iria votar;;0;0.00;29.nov-2.dez.2019;2.00;2.00;Veja;;;2000;1;N/A;
9248;2022;6;BRASIL;BR;3;Presidente;2;Estimulada;1;2019-12-02;59;FSB;Votos Totais;23189;cenário 2 - estimulado - 1º turno;5047;nenhum (N/A);nenhum;;1;10.00;29.nov-2.dez.2019;2.00;2.00;Veja;;;2000;1;N/A;
9248;2022;6;BRASIL;BR;3;Presidente;2;Estimulada;1;2019-12-02;59;FSB;Votos Totais;23189;cenário 2 - estimulado - 1º turno;5150;nulo (N/A);nulo;;1;1.00;29.nov-2.dez.2019;2.00;2.00;Veja;;;2000;1;N/A;
9248;2022;6;BRASIL;BR;3;Presidente;2;Estimulada;1;2019-12-02;59;FSB;Votos Totais;23189;cenário 2 - estimulado - 1º turno;5149;branco (N/A);branco;;1;0.00;29.nov-2.dez.2019;2.00;2.00;Veja;;;2000;1;N/A;
9248;2022;6;BRASIL;BR;3;Presidente;2;Estimulada;1;2019-12-02;59;FSB;Votos Totais;23189;cenário 2 - estimulado - 1º turno;855;João Doria (PSDB);João Doria;2018-Governador;0;4.00;29.nov-2.dez.2019;2.00;2.00;Veja;;;2000;33;PSDB;
9248;2022;6;BRASIL;BR;3;Presidente;2;Estimulada;1;2019-12-02;59;FSB;Votos Totais;23189;cenário 2 - estimulado - 1º turno;841;João Amoêdo (Novo);João Amoêdo;;0;5.00;29.nov-2.dez.2019;2.00;2.00;Veja;;;2000;5;Novo;
9248;2022;6;BRASIL;BR;3;Presidente;2;Estimulada;1;2019-12-02;59;FSB;Votos Totais;23189;cenário 2 - estimulado - 1º turno;289;Ciro (PDT);Ciro;;0;9.00;29.nov-2.dez.2019;2.00;2.00;Veja;;;2000;10;PDT;
9248;2022;6;BRASIL;BR;3;Presidente;2;Estimulada;1;2019-12-02;59;FSB;Votos Totais;23189;cenário 2 - estimulado - 1º turno;940;Luciano Huck (N/A);Luciano Huck;;0;9.00;29.nov-2.dez.2019;2.00;2.00;Veja;;;2000;1;N/A;
9248;2022;6;BRASIL;BR;3;Presidente;2;Estimulada;1;2019-12-02;59;FSB;Votos Totais;23189;cenário 2 - estimulado - 1º turno;973;Lula (PT);Lula;;0;29.00;29.nov-2.dez.2019;2.00;2.00;Veja;;;2000;39;PT;
9248;2022;6;BRASIL;BR;3;Presidente;2;Estimulada;1;2019-12-02;59;FSB;Votos Totais;23189;cenário 2 - estimulado - 1º turno;706;Bolsonaro (N/A);Bolsonaro;2018-Presidente;0;32.00;29.nov-2.dez.2019;2.00;2.00;Veja;;;2000;1;N/A;
9248;2022;6;BRASIL;BR;3;Presidente;2;Estimulada;1;2019-12-02;59;FSB;Votos Totais;23189;cenário 2 - estimulado - 1º turno;1210;não sabe / não respondeu (N/A);não sabe / não respondeu;;1;1.00;29.nov-2.dez.2019;2.00;2.00;Veja;;;2000;1;N/A;
9248;2022;6;BRASIL;BR;3;Presidente;2;Estimulada;1;2019-12-02;59;FSB;Votos Totais;23190;cenário 3 - estimulado - 1º turno;508;Fernando Haddad (PT);Fernando Haddad;2018-Presidente;0;16.00;29.nov-2.dez.2019;2.00;2.00;Veja;;;2000;39;PT;
9248;2022;6;BRASIL;BR;3;Presidente;2;Estimulada;1;2019-12-02;59;FSB;Votos Totais;23190;cenário 3 - estimulado - 1º turno;940;Luciano Huck (N/A);Luciano Huck;;0;15.00;29.nov-2.dez.2019;2.00;2.00;Veja;;;2000;1;N/A;
9248;2022;6;BRASIL;BR;3;Presidente;2;Estimulada;1;2019-12-02;59;FSB;Votos Totais;23190;cenário 3 - estimulado - 1º turno;1210;não sabe / não respondeu (N/A);não sabe / não respondeu;;1;2.00;29.nov-2.dez.2019;2.00;2.00;Veja;;;2000;1;N/A;
9248;2022;6;BRASIL;BR;3;Presidente;2;Estimulada;1;2019-12-02;59;FSB;Votos Totais;23190;cenário 3 - estimulado - 1º turno;5511;não iria votar (N/A);não iria votar;;0;0.00;29.nov-2.dez.2019;2.00;2.00;Veja;;;2000;1;N/A;
9248;2022;6;BRASIL;BR;3;Presidente;2;Estimulada;1;2019-12-02;59;FSB;Votos Totais;23190;cenário 3 - estimulado - 1º turno;5047;nenhum (N/A);nenhum;;1;13.00;29.nov-2.dez.2019;2.00;2.00;Veja;;;2000;1;N/A;
9248;2022;6;BRASIL;BR;3;Presidente;2;Estimulada;1;2019-12-02;59;FSB;Votos Totais;23190;cenário 3 - estimulado - 1º turno;5150;nulo (N/A);nulo;;1;1.00;29.nov-2.dez.2019;2.00;2.00;Veja;;;2000;1;N/A;
9248;2022;6;BRASIL;BR;3;Presidente;2;Estimulada;1;2019-12-02;59;FSB;Votos Totais;23190;cenário 3 - estimulado - 1º turno;5149;branco (N/A);branco;;1;1.00;29.nov-2.dez.2019;2.00;2.00;Veja;;;2000;1;N/A;
9248;2022;6;BRASIL;BR;3;Presidente;2;Estimulada;1;2019-12-02;59;FSB;Votos Totais;23190;cenário 3 - estimulado - 1º turno;855;João Doria (PSDB);João Doria;2018-Governador;0;4.00;29.nov-2.dez.2019;2.00;2.00;Veja;;;2000;33;PSDB;
9248;2022;6;BRASIL;BR;3;Presidente;2;Estimulada;1;2019-12-02;59;FSB;Votos Totais;23190;cenário 3 - estimulado - 1º turno;289;Ciro (PDT);Ciro;;0;12.00;29.nov-2.dez.2019;2.00;2.00;Veja;;;2000;10;PDT;
9248;2022;6;BRASIL;BR;3;Presidente;2;Estimulada;1;2019-12-02;59;FSB;Votos Totais;23190;cenário 3 - estimulado - 1º turno;841;João Amoêdo (Novo);João Amoêdo;;0;4.00;29.nov-2.dez.2019;2.00;2.00;Veja;;;2000;5;Novo;
9248;2022;6;BRASIL;BR;3;Presidente;2;Estimulada;1;2019-12-02;59;FSB;Votos Totais;23190;cenário 3 - estimulado - 1º turno;1583;Sérgio Moro (N/A);Sérgio Moro;;0;32.00;29.nov-2.dez.2019;2.00;2.00;Veja;;;2000;1;N/A;
9248;2022;6;BRASIL;BR;3;Presidente;2;Estimulada;1;2019-12-02;59;FSB;Votos Totais;23191;cenário 4 - estimulado - 1º turno;841;João Amoêdo (Novo);João Amoêdo;;0;5.00;29.nov-2.dez.2019;2.00;2.00;Veja;;;2000;5;Novo;
9248;2022;6;BRASIL;BR;3;Presidente;2;Estimulada;1;2019-12-02;59;FSB;Votos Totais;23191;cenário 4 - estimulado - 1º turno;940;Luciano Huck (N/A);Luciano Huck;;0;10.00;29.nov-2.dez.2019;2.00;2.00;Veja;;;2000;1;N/A;
9248;2022;6;BRASIL;BR;3;Presidente;2;Estimulada;1;2019-12-02;59;FSB;Votos Totais;23191;cenário 4 - estimulado - 1º turno;289;Ciro (PDT);Ciro;;0;9.00;29.nov-2.dez.2019;2.00;2.00;Veja;;;2000;10;PDT;
9248;2022;6;BRASIL;BR;3;Presidente;2;Estimulada;1;2019-12-02;59;FSB;Votos Totais;23191;cenário 4 - estimulado - 1º turno;1210;não sabe / não respondeu (N/A);não sabe / não respondeu;;1;1.00;29.nov-2.dez.2019;2.00;2.00;Veja;;;2000;1;N/A;
9248;2022;6;BRASIL;BR;3;Presidente;2;Estimulada;1;2019-12-02;59;FSB;Votos Totais;23191;cenário 4 - estimulado - 1º turno;5511;não iria votar (N/A);não iria votar;;0;0.00;29.nov-2.dez.2019;2.00;2.00;Veja;;;2000;1;N/A;
9248;2022;6;BRASIL;BR;3;Presidente;2;Estimulada;1;2019-12-02;59;FSB;Votos Totais;23191;cenário 4 - estimulado - 1º turno;5047;nenhum (N/A);nenhum;;1;8.00;29.nov-2.dez.2019;2.00;2.00;Veja;;;2000;1;N/A;
9248;2022;6;BRASIL;BR;3;Presidente;2;Estimulada;1;2019-12-02;59;FSB;Votos Totais;23191;cenário 4 - estimulado - 1º turno;5150;nulo (N/A);nulo;;1;2.00;29.nov-2.dez.2019;2.00;2.00;Veja;;;2000;1;N/A;
9248;2022;6;BRASIL;BR;3;Presidente;2;Estimulada;1;2019-12-02;59;FSB;Votos Totais;23191;cenário 4 - estimulado - 1º turno;5149;branco (N/A);branco;;1;0.00;29.nov-2.dez.2019;2.00;2.00;Veja;;;2000;1;N/A;
9248;2022;6;BRASIL;BR;3;Presidente;2;Estimulada;1;2019-12-02;59;FSB;Votos Totais;23191;cenário 4 - estimulado - 1º turno;1583;Sérgio Moro (N/A);Sérgio Moro;;0;32.00;29.nov-2.dez.2019;2.00;2.00;Veja;;;2000;1;N/A;
9248;2022;6;BRASIL;BR;3;Presidente;2;Estimulada;1;2019-12-02;59;FSB;Votos Totais;23191;cenário 4 - estimulado - 1º turno;973;Lula (PT);Lula;;0;29.00;29.nov-2.dez.2019;2.00;2.00;Veja;;;2000;39;PT;
9248;2022;6;BRASIL;BR;3;Presidente;2;Estimulada;1;2019-12-02;59;FSB;Votos Totais;23191;cenário 4 - estimulado - 1º turno;855;João Doria (PSDB);João Doria;2018-Governador;0;4.00;29.nov-2.dez.2019;2.00;2.00;Veja;;;2000;33;PSDB;
9248;2022;6;BRASIL;BR;3;Presidente;2;Estimulada;1;2019-12-02;59;FSB;Votos Totais;23192;cenário 5 - estimulado - 1º turno;5047;nenhum (N/A);nenhum;;1;10.00;29.nov-2.dez.2019;2.00;2.00;Veja;;;2000;1;N/A;
9248;2022;6;BRASIL;BR;3;Presidente;2;Estimulada;1;2019-12-02;59;FSB;Votos Totais;23192;cenário 5 - estimulado - 1º turno;706;Bolsonaro (N/A);Bolsonaro;2018-Presidente;0;28.00;29.nov-2.dez.2019;2.00;2.00;Veja;;;2000;1;N/A;
9248;2022;6;BRASIL;BR;3;Presidente;2;Estimulada;1;2019-12-02;59;FSB;Votos Totais;23192;cenário 5 - estimulado - 1º turno;508;Fernando Haddad (PT);Fernando Haddad;2018-Presidente;0;16.00;29.nov-2.dez.2019;2.00;2.00;Veja;;;2000;39;PT;
9248;2022;6;BRASIL;BR;3;Presidente;2;Estimulada;1;2019-12-02;59;FSB;Votos Totais;23192;cenário 5 - estimulado - 1º turno;1583;Sérgio Moro (N/A);Sérgio Moro;;0;15.00;29.nov-2.dez.2019;2.00;2.00;Veja;;;2000;1;N/A;
9248;2022;6;BRASIL;BR;3;Presidente;2;Estimulada;1;2019-12-02;59;FSB;Votos Totais;23192;cenário 5 - estimulado - 1º turno;940;Luciano Huck (N/A);Luciano Huck;;0;13.00;29.nov-2.dez.2019;2.00;2.00;Veja;;;2000;1;N/A;
9248;2022;6;BRASIL;BR;3;Presidente;2;Estimulada;1;2019-12-02;59;FSB;Votos Totais;23192;cenário 5 - estimulado - 1º turno;289;Ciro (PDT);Ciro;;0;11.00;29.nov-2.dez.2019;2.00;2.00;Veja;;;2000;10;PDT;
9248;2022;6;BRASIL;BR;3;Presidente;2;Estimulada;1;2019-12-02;59;FSB;Votos Totais;23192;cenário 5 - estimulado - 1º turno;841;João Amoêdo (Novo);João Amoêdo;;0;4.00;29.nov-2.dez.2019;2.00;2.00;Veja;;;2000;5;Novo;
9248;2022;6;BRASIL;BR;3;Presidente;2;Estimulada;1;2019-12-02;59;FSB;Votos Totais;23192;cenário 5 - estimulado - 1º turno;855;João Doria (PSDB);João Doria;2018-Governador;0;2.00;29.nov-2.dez.2019;2.00;2.00;Veja;;;2000;33;PSDB;
9248;2022;6;BRASIL;BR;3;Presidente;2;Estimulada;1;2019-12-02;59;FSB;Votos Totais;23192;cenário 5 - estimulado - 1º turno;5149;branco (N/A);branco;;1;0.00;29.nov-2.dez.2019;2.00;2.00;Veja;;;2000;1;N/A;
9248;2022;6;BRASIL;BR;3;Presidente;2;Estimulada;1;2019-12-02;59;FSB;Votos Totais;23192;cenário 5 - estimulado - 1º turno;5150;nulo (N/A);nulo;;1;1.00;29.nov-2.dez.2019;2.00;2.00;Veja;;;2000;1;N/A;
9248;2022;6;BRASIL;BR;3;Presidente;2;Estimulada;1;2019-12-02;59;FSB;Votos Totais;23192;cenário 5 - estimulado - 1º turno;5511;não iria votar (N/A);não iria votar;;0;0.00;29.nov-2.dez.2019;2.00;2.00;Veja;;;2000;1;N/A;
9248;2022;6;BRASIL;BR;3;Presidente;2;Estimulada;1;2019-12-02;59;FSB;Votos Totais;23192;cenário 5 - estimulado - 1º turno;1210;não sabe / não respondeu (N/A);não sabe / não respondeu;;1;1.00;29.nov-2.dez.2019;2.00;2.00;Veja;;;2000;1;N/A;
9248;2022;6;BRASIL;BR;3;Presidente;2;Estimulada;2;2019-12-02;59;FSB;Votos Totais;23193;cenário 1 - estimulado- 2º turno;5047;nenhum (N/A);nenhum;;1;8.00;29.nov-2.dez.2019;2.00;2.00;Veja;;;2000;1;N/A;
9248;2022;6;BRASIL;BR;3;Presidente;2;Estimulada;2;2019-12-02;59;FSB;Votos Totais;23193;cenário 1 - estimulado- 2º turno;5150;nulo (N/A);nulo;;1;2.00;29.nov-2.dez.2019;2.00;2.00;Veja;;;2000;1;N/A;
9248;2022;6;BRASIL;BR;3;Presidente;2;Estimulada;2;2019-12-02;59;FSB;Votos Totais;23193;cenário 1 - estimulado- 2º turno;5149;branco (N/A);branco;;1;1.00;29.nov-2.dez.2019;2.00;2.00;Veja;;;2000;1;N/A;
9248;2022;6;BRASIL;BR;3;Presidente;2;Estimulada;2;2019-12-02;59;FSB;Votos Totais;23193;cenário 1 - estimulado- 2º turno;973;Lula (PT);Lula;;0;39.00;29.nov-2.dez.2019;2.00;2.00;Veja;;;2000;39;PT;
9248;2022;6;BRASIL;BR;3;Presidente;2;Estimulada;2;2019-12-02;59;FSB;Votos Totais;23193;cenário 1 - estimulado- 2º turno;1583;Sérgio Moro (N/A);Sérgio Moro;;0;48.00;29.nov-2.dez.2019;2.00;2.00;Veja;;;2000;1;N/A;
9248;2022;6;BRASIL;BR;3;Presidente;2;Estimulada;2;2019-12-02;59;FSB;Votos Totais;23193;cenário 1 - estimulado- 2º turno;1210;não sabe / não respondeu (N/A);não sabe / não respondeu;;1;1.00;29.nov-2.dez.2019;2.00;2.00;Veja;;;2000;1;N/A;
9248;2022;6;BRASIL;BR;3;Presidente;2;Estimulada;2;2019-12-02;59;FSB;Votos Totais;23193;cenário 1 - estimulado- 2º turno;5511;não iria votar (N/A);não iria votar;;0;0.00;29.nov-2.dez.2019;2.00;2.00;Veja;;;2000;1;N/A;
9248;2022;6;BRASIL;BR;3;Presidente;2;Estimulada;2;2019-12-02;59;FSB;Votos Totais;23194;cenário 2 - estimulado - 2º turno;5047;nenhum (N/A);nenhum;;1;18.00;29.nov-2.dez.2019;2.00;2.00;Veja;;;2000;1;N/A;
9248;2022;6;BRASIL;BR;3;Presidente;2;Estimulada;2;2019-12-02;59;FSB;Votos Totais;23194;cenário 2 - estimulado - 2º turno;1210;não sabe / não respondeu (N/A);não sabe / não respondeu;;1;1.00;29.nov-2.dez.2019;2.00;2.00;Veja;;;2000;1;N/A;
9248;2022;6;BRASIL;BR;3;Presidente;2;Estimulada;2;2019-12-02;59;FSB;Votos Totais;23194;cenário 2 - estimulado - 2º turno;5511;não iria votar (N/A);não iria votar;;0;0.00;29.nov-2.dez.2019;2.00;2.00;Veja;;;2000;1;N/A;
9248;2022;6;BRASIL;BR;3;Presidente;2;Estimulada;2;2019-12-02;59;FSB;Votos Totais;23194;cenário 2 - estimulado - 2º turno;5150;nulo (N/A);nulo;;1;7.00;29.nov-2.dez.2019;2.00;2.00;Veja;;;2000;1;N/A;
9248;2022;6;BRASIL;BR;3;Presidente;2;Estimulada;2;2019-12-02;59;FSB;Votos Totais;23194;cenário 2 - estimulado - 2º turno;5149;branco (N/A);branco;;1;2.00;29.nov-2.dez.2019;2.00;2.00;Veja;;;2000;1;N/A;
9248;2022;6;BRASIL;BR;3;Presidente;2;Estimulada;2;2019-12-02;59;FSB;Votos Totais;23194;cenário 2 - estimulado - 2º turno;1583;Sérgio Moro (N/A);Sérgio Moro;;0;36.00;29.nov-2.dez.2019;2.00;2.00;Veja;;;2000;1;N/A;
9248;2022;6;BRASIL;BR;3;Presidente;2;Estimulada;2;2019-12-02;59;FSB;Votos Totais;23194;cenário 2 - estimulado - 2º turno;706;Bolsonaro (N/A);Bolsonaro;2018-Presidente;0;36.00;29.nov-2.dez.2019;2.00;2.00;Veja;;;2000;1;N/A;
9248;2022;6;BRASIL;BR;3;Presidente;2;Estimulada;2;2019-12-02;59;FSB;Votos Totais;23195;cenário 3 - estimulado - 2º turno;5150;nulo (N/A);nulo;;1;4.00;29.nov-2.dez.2019;2.00;2.00;Veja;;;2000;1;N/A;
9248;2022;6;BRASIL;BR;3;Presidente;2;Estimulada;2;2019-12-02;59;FSB;Votos Totais;23195;cenário 3 - estimulado - 2º turno;5047;nenhum (N/A);nenhum;;1;10.00;29.nov-2.dez.2019;2.00;2.00;Veja;;;2000;1;N/A;
9248;2022;6;BRASIL;BR;3;Presidente;2;Estimulada;2;2019-12-02;59;FSB;Votos Totais;23195;cenário 3 - estimulado - 2º turno;1210;não sabe / não respondeu (N/A);não sabe / não respondeu;;1;1.00;29.nov-2.dez.2019;2.00;2.00;Veja;;;2000;1;N/A;
9248;2022;6;BRASIL;BR;3;Presidente;2;Estimulada;2;2019-12-02;59;FSB;Votos Totais;23195;cenário 3 - estimulado - 2º turno;5149;branco (N/A);branco;;1;1.00;29.nov-2.dez.2019;2.00;2.00;Veja;;;2000;1;N/A;
9248;2022;6;BRASIL;BR;3;Presidente;2;Estimulada;2;2019-12-02;59;FSB;Votos Totais;23195;cenário 3 - estimulado - 2º turno;973;Lula (PT);Lula;;0;40.00;29.nov-2.dez.2019;2.00;2.00;Veja;;;2000;39;PT;
9248;2022;6;BRASIL;BR;3;Presidente;2;Estimulada;2;2019-12-02;59;FSB;Votos Totais;23195;cenário 3 - estimulado - 2º turno;706;Bolsonaro (N/A);Bolsonaro;2018-Presidente;0;45.00;29.nov-2.dez.2019;2.00;2.00;Veja;;;2000;1;N/A;
9248;2022;6;BRASIL;BR;3;Presidente;2;Estimulada;2;2019-12-02;59;FSB;Votos Totais;23195;cenário 3 - estimulado - 2º turno;5511;não iria votar (N/A);não iria votar;;0;0.00;29.nov-2.dez.2019;2.00;2.00;Veja;;;2000;1;N/A;
9247;2022;6;BRASIL;BR;3;Presidente;1;Espontânea;1;2020-01-18;94;MDA;Votos Totais;23187;cenário 1 - espontâneo - 1º turno;1210;não sabe / não respondeu (N/A);não sabe / não respondeu;;1;30.20;15-18.jan.2020;2.20;2.20;CNT (Confederação Nacional do Transporte);;;2002;1;N/A;
9247;2022;6;BRASIL;BR;3;Presidente;1;Espontânea;1;2020-01-18;94;MDA;Votos Totais;23187;cenário 1 - espontâneo - 1º turno;209;branco / nulo (N/A);branco / nulo;;1;10.50;15-18.jan.2020;2.20;2.20;CNT (Confederação Nacional do Transporte);;;2002;1;N/A;
9247;2022;6;BRASIL;BR;3;Presidente;1;Espontânea;1;2020-01-18;94;MDA;Votos Totais;23187;cenário 1 - espontâneo - 1º turno;1243;Outros (N/A);Outros;;1;2.40;15-18.jan.2020;2.20;2.20;CNT (Confederação Nacional do Transporte);;;2002;1;N/A;
9247;2022;6;BRASIL;BR;3;Presidente;1;Espontânea;1;2020-01-18;94;MDA;Votos Totais;23187;cenário 1 - espontâneo - 1º turno;855;João Doria (PSDB);João Doria;2018-Governador;0;0.30;15-18.jan.2020;2.20;2.20;CNT (Confederação Nacional do Transporte);;;2002;33;PSDB;
9247;2022;6;BRASIL;BR;3;Presidente;1;Espontânea;1;2020-01-18;94;MDA;Votos Totais;23187;cenário 1 - espontâneo - 1º turno;361;Dilma Rousseff (PT);Dilma Rousseff;"2018-Senador;2014-Presidente";0;0.30;15-18.jan.2020;2.20;2.20;CNT (Confederação Nacional do Transporte);;;2002;39;PT;
9247;2022;6;BRASIL;BR;3;Presidente;1;Espontânea;1;2020-01-18;94;MDA;Votos Totais;23187;cenário 1 - espontâneo - 1º turno;1076;Marina (Rede);Marina;2014-Presidente;0;0.40;15-18.jan.2020;2.20;2.20;CNT (Confederação Nacional do Transporte);;;2002;45;Rede;
9247;2022;6;BRASIL;BR;3;Presidente;1;Espontânea;1;2020-01-18;94;MDA;Votos Totais;23187;cenário 1 - espontâneo - 1º turno;940;Luciano Huck (N/A);Luciano Huck;;0;0.50;15-18.jan.2020;2.20;2.20;CNT (Confederação Nacional do Transporte);;;2002;1;N/A;
9247;2022;6;BRASIL;BR;3;Presidente;1;Espontânea;1;2020-01-18;94;MDA;Votos Totais;23187;cenário 1 - espontâneo - 1º turno;841;João Amoêdo (Novo);João Amoêdo;;0;1.10;15-18.jan.2020;2.20;2.20;CNT (Confederação Nacional do Transporte);;;2002;5;Novo;
9247;2022;6;BRASIL;BR;3;Presidente;1;Espontânea;1;2020-01-18;94;MDA;Votos Totais;23187;cenário 1 - espontâneo - 1º turno;508;Fernando Haddad (PT);Fernando Haddad;2018-Presidente;0;2.30;15-18.jan.2020;2.20;2.20;CNT (Confederação Nacional do Transporte);;;2002;39;PT;
9247;2022;6;BRASIL;BR;3;Presidente;1;Espontânea;1;2020-01-18;94;MDA;Votos Totais;23187;cenário 1 - espontâneo - 1º turno;1583;Sérgio Moro (N/A);Sérgio Moro;;0;2.40;15-18.jan.2020;2.20;2.20;CNT (Confederação Nacional do Transporte);;;2002;1;N/A;
9247;2022;6;BRASIL;BR;3;Presidente;1;Espontânea;1;2020-01-18;94;MDA;Votos Totais;23187;cenário 1 - espontâneo - 1º turno;289;Ciro (PDT);Ciro;;0;3.50;15-18.jan.2020;2.20;2.20;CNT (Confederação Nacional do Transporte);;;2002;10;PDT;
9247;2022;6;BRASIL;BR;3;Presidente;1;Espontânea;1;2020-01-18;94;MDA;Votos Totais;23187;cenário 1 - espontâneo - 1º turno;973;Lula (PT);Lula;;0;17.00;15-18.jan.2020;2.20;2.20;CNT (Confederação Nacional do Transporte);;;2002;39;PT;
9247;2022;6;BRASIL;BR;3;Presidente;1;Espontânea;1;2020-01-18;94;MDA;Votos Totais;23187;cenário 1 - espontâneo - 1º turno;706;Bolsonaro (N/A);Bolsonaro;2018-Presidente;0;29.10;15-18.jan.2020;2.20;2.20;CNT (Confederação Nacional do Transporte);;;2002;1;N/A;
9230;2022;6;BRASIL;BR;3;Presidente;2;Estimulada;1;2020-02-09;154;Atlas;Votos Totais;23147;CENÁRIO 1 - ESTIMULADO - 1º TURNO;706;Bolsonaro (N/A);Bolsonaro;2018-Presidente;0;41.00;7-9.fev.2020;2.00;2.00;;;;2000;1;N/A;
9230;2022;6;BRASIL;BR;3;Presidente;2;Estimulada;1;2020-02-09;154;Atlas;Votos Totais;23147;CENÁRIO 1 - ESTIMULADO - 1º TURNO;940;Luciano Huck (N/A);Luciano Huck;;0;14.00;7-9.fev.2020;2.00;2.00;;;;2000;1;N/A;
9230;2022;6;BRASIL;BR;3;Presidente;2;Estimulada;1;2020-02-09;154;Atlas;Votos Totais;23147;CENÁRIO 1 - ESTIMULADO - 1º TURNO;523;Flávio Dino (PC do B);Flávio Dino;2018-Governador;0;13.00;7-9.fev.2020;2.00;2.00;;;;2000;9;PC do B;
9230;2022;6;BRASIL;BR;3;Presidente;2;Estimulada;1;2020-02-09;154;Atlas;Votos Totais;23147;CENÁRIO 1 - ESTIMULADO - 1º TURNO;855;João Doria (PSDB);João Doria;2018-Governador;0;2.50;7-9.fev.2020;2.00;2.00;;;;2000;33;PSDB;
9230;2022;6;BRASIL;BR;3;Presidente;2;Estimulada;1;2020-02-09;154;Atlas;Votos Totais;23147;CENÁRIO 1 - ESTIMULADO - 1º TURNO;213;branco / nulo / indeciso / nenhum / não sabe / não respondeu (N/A);branco / nulo / indeciso / nenhum / não sabe / não respondeu;;1;27.00;7-9.fev.2020;2.00;2.00;;;;2000;1;N/A;
9230;2022;6;BRASIL;BR;3;Presidente;2;Estimulada;1;2020-02-09;154;Atlas;Votos Totais;23148;CENÁRIO 2 - ESTIMULADO - 1º TURNO;706;Bolsonaro (N/A);Bolsonaro;2018-Presidente;0;32.00;7-9.fev.2020;2.00;2.00;;;;2000;1;N/A;
9230;2022;6;BRASIL;BR;3;Presidente;2;Estimulada;1;2020-02-09;154;Atlas;Votos Totais;23148;CENÁRIO 2 - ESTIMULADO - 1º TURNO;213;branco / nulo / indeciso / nenhum / não sabe / não respondeu (N/A);branco / nulo / indeciso / nenhum / não sabe / não respondeu;;1;9.00;7-9.fev.2020;2.00;2.00;;;;2000;1;N/A;
9230;2022;6;BRASIL;BR;3;Presidente;2;Estimulada;1;2020-02-09;154;Atlas;Votos Totais;23148;CENÁRIO 2 - ESTIMULADO - 1º TURNO;855;João Doria (PSDB);João Doria;2018-Governador;0;0.60;7-9.fev.2020;2.00;2.00;;;;2000;33;PSDB;
9230;2022;6;BRASIL;BR;3;Presidente;2;Estimulada;1;2020-02-09;154;Atlas;Votos Totais;23148;CENÁRIO 2 - ESTIMULADO - 1º TURNO;523;Flávio Dino (PC do B);Flávio Dino;2018-Governador;0;3.00;7-9.fev.2020;2.00;2.00;;;;2000;9;PC do B;
9230;2022;6;BRASIL;BR;3;Presidente;2;Estimulada;1;2020-02-09;154;Atlas;Votos Totais;23148;CENÁRIO 2 - ESTIMULADO - 1º TURNO;940;Luciano Huck (N/A);Luciano Huck;;0;6.00;7-9.fev.2020;2.00;2.00;;;;2000;1;N/A;
9230;2022;6;BRASIL;BR;3;Presidente;2;Estimulada;1;2020-02-09;154;Atlas;Votos Totais;23148;CENÁRIO 2 - ESTIMULADO - 1º TURNO;1583;Sérgio Moro (N/A);Sérgio Moro;;0;20.00;7-9.fev.2020;2.00;2.00;;;;2000;1;N/A;
9230;2022;6;BRASIL;BR;3;Presidente;2;Estimulada;1;2020-02-09;154;Atlas;Votos Totais;23148;CENÁRIO 2 - ESTIMULADO - 1º TURNO;973;Lula (PT);Lula;;0;28.00;7-9.fev.2020;2.00;2.00;;;;2000;39;PT;
9231;2022;6;BRASIL;BR;3;Presidente;2;Estimulada;1;2020-02-10;59;FSB;Votos Totais;23149;CENÁRIO 1 - ESTIMULADO - 1º TURNO;1213;Não votaria em nenhum (N/A);Não votaria em nenhum;;1;0.00;7-10.fev.2020;2.00;2.00;Revista Veja;;;2000;1;N/A;
9231;2022;6;BRASIL;BR;3;Presidente;2;Estimulada;1;2020-02-10;59;FSB;Votos Totais;23149;CENÁRIO 1 - ESTIMULADO - 1º TURNO;5149;branco (N/A);branco;;1;1.00;7-10.fev.2020;2.00;2.00;Revista Veja;;;2000;1;N/A;
9231;2022;6;BRASIL;BR;3;Presidente;2;Estimulada;1;2020-02-10;59;FSB;Votos Totais;23149;CENÁRIO 1 - ESTIMULADO - 1º TURNO;209;branco / nulo (N/A);branco / nulo;;1;1.00;7-10.fev.2020;2.00;2.00;Revista Veja;;;2000;1;N/A;
9231;2022;6;BRASIL;BR;3;Presidente;2;Estimulada;1;2020-02-10;59;FSB;Votos Totais;23149;CENÁRIO 1 - ESTIMULADO - 1º TURNO;841;João Amoêdo (Novo);João Amoêdo;;0;5.00;7-10.fev.2020;2.00;2.00;Revista Veja;;;2000;5;Novo;
9231;2022;6;BRASIL;BR;3;Presidente;2;Estimulada;1;2020-02-10;59;FSB;Votos Totais;23149;CENÁRIO 1 - ESTIMULADO - 1º TURNO;1210;não sabe / não respondeu (N/A);não sabe / não respondeu;;1;3.00;7-10.fev.2020;2.00;2.00;Revista Veja;;;2000;1;N/A;
9231;2022;6;BRASIL;BR;3;Presidente;2;Estimulada;1;2020-02-10;59;FSB;Votos Totais;23149;CENÁRIO 1 - ESTIMULADO - 1º TURNO;289;Ciro (PDT);Ciro;;0;11.00;7-10.fev.2020;2.00;2.00;Revista Veja;;;2000;10;PDT;
9231;2022;6;BRASIL;BR;3;Presidente;2;Estimulada;1;2020-02-10;59;FSB;Votos Totais;23149;CENÁRIO 1 - ESTIMULADO - 1º TURNO;940;Luciano Huck (N/A);Luciano Huck;;0;12.00;7-10.fev.2020;2.00;2.00;Revista Veja;;;2000;1;N/A;
9231;2022;6;BRASIL;BR;3;Presidente;2;Estimulada;1;2020-02-10;59;FSB;Votos Totais;23149;CENÁRIO 1 - ESTIMULADO - 1º TURNO;508;Fernando Haddad (PT);Fernando Haddad;2018-Presidente;0;13.00;7-10.fev.2020;2.00;2.00;Revista Veja;;;2000;39;PT;
9231;2022;6;BRASIL;BR;3;Presidente;2;Estimulada;1;2020-02-10;59;FSB;Votos Totais;23149;CENÁRIO 1 - ESTIMULADO - 1º TURNO;706;Bolsonaro (N/A);Bolsonaro;2018-Presidente;0;37.00;7-10.fev.2020;2.00;2.00;Revista Veja;;;2000;1;N/A;
9231;2022;6;BRASIL;BR;3;Presidente;2;Estimulada;1;2020-02-10;59;FSB;Votos Totais;23149;CENÁRIO 1 - ESTIMULADO - 1º TURNO;855;João Doria (PSDB);João Doria;2018-Governador;0;3.00;7-10.fev.2020;2.00;2.00;Revista Veja;;;2000;33;PSDB;
9231;2022;6;BRASIL;BR;3;Presidente;2;Estimulada;1;2020-02-10;59;FSB;Votos Totais;23149;CENÁRIO 1 - ESTIMULADO - 1º TURNO;5047;nenhum (N/A);nenhum;;1;16.00;7-10.fev.2020;2.00;2.00;Revista Veja;;;2000;1;N/A;
9231;2022;6;BRASIL;BR;3;Presidente;2;Estimulada;1;2020-02-10;59;FSB;Votos Totais;23150;CENÁRIO 2 - ESTIMULADO - 1º TURNO;973;Lula (PT);Lula;;0;28.00;7-10.fev.2020;2.00;2.00;Revista Veja;;;2000;39;PT;
9231;2022;6;BRASIL;BR;3;Presidente;2;Estimulada;1;2020-02-10;59;FSB;Votos Totais;23150;CENÁRIO 2 - ESTIMULADO - 1º TURNO;1210;não sabe / não respondeu (N/A);não sabe / não respondeu;;1;2.00;7-10.fev.2020;2.00;2.00;Revista Veja;;;2000;1;N/A;
9231;2022;6;BRASIL;BR;3;Presidente;2;Estimulada;1;2020-02-10;59;FSB;Votos Totais;23150;CENÁRIO 2 - ESTIMULADO - 1º TURNO;5150;nulo (N/A);nulo;;1;1.00;7-10.fev.2020;2.00;2.00;Revista Veja;;;2000;1;N/A;
9231;2022;6;BRASIL;BR;3;Presidente;2;Estimulada;1;2020-02-10;59;FSB;Votos Totais;23150;CENÁRIO 2 - ESTIMULADO - 1º TURNO;5149;branco (N/A);branco;;1;0.00;7-10.fev.2020;2.00;2.00;Revista Veja;;;2000;1;N/A;
9231;2022;6;BRASIL;BR;3;Presidente;2;Estimulada;1;2020-02-10;59;FSB;Votos Totais;23150;CENÁRIO 2 - ESTIMULADO - 1º TURNO;1213;Não votaria em nenhum (N/A);Não votaria em nenhum;;1;0.00;7-10.fev.2020;2.00;2.00;Revista Veja;;;2000;1;N/A;
9231;2022;6;BRASIL;BR;3;Presidente;2;Estimulada;1;2020-02-10;59;FSB;Votos Totais;23150;CENÁRIO 2 - ESTIMULADO - 1º TURNO;5047;nenhum (N/A);nenhum;;1;9.00;7-10.fev.2020;2.00;2.00;Revista Veja;;;2000;1;N/A;
9231;2022;6;BRASIL;BR;3;Presidente;2;Estimulada;1;2020-02-10;59;FSB;Votos Totais;23150;CENÁRIO 2 - ESTIMULADO - 1º TURNO;855;João Doria (PSDB);João Doria;2018-Governador;0;4.00;7-10.fev.2020;2.00;2.00;Revista Veja;;;2000;33;PSDB;
9231;2022;6;BRASIL;BR;3;Presidente;2;Estimulada;1;2020-02-10;59;FSB;Votos Totais;23150;CENÁRIO 2 - ESTIMULADO - 1º TURNO;841;João Amoêdo (Novo);João Amoêdo;;0;5.00;7-10.fev.2020;2.00;2.00;Revista Veja;;;2000;5;Novo;
9231;2022;6;BRASIL;BR;3;Presidente;2;Estimulada;1;2020-02-10;59;FSB;Votos Totais;23150;CENÁRIO 2 - ESTIMULADO - 1º TURNO;289;Ciro (PDT);Ciro;;0;8.00;7-10.fev.2020;2.00;2.00;Revista Veja;;;2000;10;PDT;
9231;2022;6;BRASIL;BR;3;Presidente;2;Estimulada;1;2020-02-10;59;FSB;Votos Totais;23150;CENÁRIO 2 - ESTIMULADO - 1º TURNO;940;Luciano Huck (N/A);Luciano Huck;;0;11.00;7-10.fev.2020;2.00;2.00;Revista Veja;;;2000;1;N/A;
9231;2022;6;BRASIL;BR;3;Presidente;2;Estimulada;1;2020-02-10;59;FSB;Votos Totais;23151;CENÁRIO 3 - ESTIMULADO - 1º TURNO;855;João Doria (PSDB);João Doria;2018-Governador;0;4.00;7-10.fev.2020;2.00;2.00;Revista Veja;;;2000;33;PSDB;
9231;2022;6;BRASIL;BR;3;Presidente;2;Estimulada;1;2020-02-10;59;FSB;Votos Totais;23151;CENÁRIO 3 - ESTIMULADO - 1º TURNO;841;João Amoêdo (Novo);João Amoêdo;;0;5.00;7-10.fev.2020;2.00;2.00;Revista Veja;;;2000;5;Novo;
9231;2022;6;BRASIL;BR;3;Presidente;2;Estimulada;1;2020-02-10;59;FSB;Votos Totais;23151;CENÁRIO 3 - ESTIMULADO - 1º TURNO;289;Ciro (PDT);Ciro;;0;12.00;7-10.fev.2020;2.00;2.00;Revista Veja;;;2000;10;PDT;
9231;2022;6;BRASIL;BR;3;Presidente;2;Estimulada;1;2020-02-10;59;FSB;Votos Totais;23151;CENÁRIO 3 - ESTIMULADO - 1º TURNO;508;Fernando Haddad (PT);Fernando Haddad;2018-Presidente;0;14.00;7-10.fev.2020;2.00;2.00;Revista Veja;;;2000;39;PT;
9231;2022;6;BRASIL;BR;3;Presidente;2;Estimulada;1;2020-02-10;59;FSB;Votos Totais;23151;CENÁRIO 3 - ESTIMULADO - 1º TURNO;940;Luciano Huck (N/A);Luciano Huck;;0;16.00;7-10.fev.2020;2.00;2.00;Revista Veja;;;2000;1;N/A;
9231;2022;6;BRASIL;BR;3;Presidente;2;Estimulada;1;2020-02-10;59;FSB;Votos Totais;23151;CENÁRIO 3 - ESTIMULADO - 1º TURNO;1583;Sérgio Moro (N/A);Sérgio Moro;;0;31.00;7-10.fev.2020;2.00;2.00;Revista Veja;;;2000;1;N/A;
9231;2022;6;BRASIL;BR;3;Presidente;2;Estimulada;1;2020-02-10;59;FSB;Votos Totais;23151;CENÁRIO 3 - ESTIMULADO - 1º TURNO;1210;não sabe / não respondeu (N/A);não sabe / não respondeu;;1;2.00;7-10.fev.2020;2.00;2.00;Revista Veja;;;2000;1;N/A;
9231;2022;6;BRASIL;BR;3;Presidente;2;Estimulada;1;2020-02-10;59;FSB;Votos Totais;23151;CENÁRIO 3 - ESTIMULADO - 1º TURNO;5150;nulo (N/A);nulo;;1;2.00;7-10.fev.2020;2.00;2.00;Revista Veja;;;2000;1;N/A;
9231;2022;6;BRASIL;BR;3;Presidente;2;Estimulada;1;2020-02-10;59;FSB;Votos Totais;23151;CENÁRIO 3 - ESTIMULADO - 1º TURNO;5149;branco (N/A);branco;;1;0.00;7-10.fev.2020;2.00;2.00;Revista Veja;;;2000;1;N/A;
9231;2022;6;BRASIL;BR;3;Presidente;2;Estimulada;1;2020-02-10;59;FSB;Votos Totais;23151;CENÁRIO 3 - ESTIMULADO - 1º TURNO;1213;Não votaria em nenhum (N/A);Não votaria em nenhum;;1;1.00;7-10.fev.2020;2.00;2.00;Revista Veja;;;2000;1;N/A;
9231;2022;6;BRASIL;BR;3;Presidente;2;Estimulada;1;2020-02-10;59;FSB;Votos Totais;23151;CENÁRIO 3 - ESTIMULADO - 1º TURNO;5047;nenhum (N/A);nenhum;;1;14.00;7-10.fev.2020;2.00;2.00;Revista Veja;;;2000;1;N/A;
9231;2022;6;BRASIL;BR;3;Presidente;2;Estimulada;1;2020-02-10;59;FSB;Votos Totais;23153;CENÁRIO 4 -  ESTIMULADO - 1º TURNO;1213;Não votaria em nenhum (N/A);Não votaria em nenhum;;1;1.00;7-10.fev.2020;2.00;2.00;Revista Veja;;;2000;1;N/A;
9231;2022;6;BRASIL;BR;3;Presidente;2;Estimulada;1;2020-02-10;59;FSB;Votos Totais;23153;CENÁRIO 4 -  ESTIMULADO - 1º TURNO;5149;branco (N/A);branco;;1;0.00;7-10.fev.2020;2.00;2.00;Revista Veja;;;2000;1;N/A;
9231;2022;6;BRASIL;BR;3;Presidente;2;Estimulada;1;2020-02-10;59;FSB;Votos Totais;23153;CENÁRIO 4 -  ESTIMULADO - 1º TURNO;289;Ciro (PDT);Ciro;;0;9.00;7-10.fev.2020;2.00;2.00;Revista Veja;;;2000;10;PDT;
9231;2022;6;BRASIL;BR;3;Presidente;2;Estimulada;1;2020-02-10;59;FSB;Votos Totais;23153;CENÁRIO 4 -  ESTIMULADO - 1º TURNO;940;Luciano Huck (N/A);Luciano Huck;;0;10.00;7-10.fev.2020;2.00;2.00;Revista Veja;;;2000;1;N/A;
9231;2022;6;BRASIL;BR;3;Presidente;2;Estimulada;1;2020-02-10;59;FSB;Votos Totais;23153;CENÁRIO 4 -  ESTIMULADO - 1º TURNO;973;Lula (PT);Lula;;0;28.00;7-10.fev.2020;2.00;2.00;Revista Veja;;;2000;39;PT;
9231;2022;6;BRASIL;BR;3;Presidente;2;Estimulada;1;2020-02-10;59;FSB;Votos Totais;23153;CENÁRIO 4 -  ESTIMULADO - 1º TURNO;1583;Sérgio Moro (N/A);Sérgio Moro;;0;33.00;7-10.fev.2020;2.00;2.00;Revista Veja;;;2000;1;N/A;
9231;2022;6;BRASIL;BR;3;Presidente;2;Estimulada;1;2020-02-10;59;FSB;Votos Totais;23153;CENÁRIO 4 -  ESTIMULADO - 1º TURNO;5150;nulo (N/A);nulo;;1;2.00;7-10.fev.2020;2.00;2.00;Revista Veja;;;2000;1;N/A;
9231;2022;6;BRASIL;BR;3;Presidente;2;Estimulada;1;2020-02-10;59;FSB;Votos Totais;23153;CENÁRIO 4 -  ESTIMULADO - 1º TURNO;1210;não sabe / não respondeu (N/A);não sabe / não respondeu;;1;2.00;7-10.fev.2020;2.00;2.00;Revista Veja;;;2000;1;N/A;
9231;2022;6;BRASIL;BR;3;Presidente;2;Estimulada;1;2020-02-10;59;FSB;Votos Totais;23153;CENÁRIO 4 -  ESTIMULADO - 1º TURNO;841;João Amoêdo (Novo);João Amoêdo;;0;5.00;7-10.fev.2020;2.00;2.00;Revista Veja;;;2000;5;Novo;
9231;2022;6;BRASIL;BR;3;Presidente;2;Estimulada;1;2020-02-10;59;FSB;Votos Totais;23153;CENÁRIO 4 -  ESTIMULADO - 1º TURNO;855;João Doria (PSDB);João Doria;2018-Governador;0;3.00;7-10.fev.2020;2.00;2.00;Revista Veja;;;2000;33;PSDB;
9231;2022;6;BRASIL;BR;3;Presidente;2;Estimulada;1;2020-02-10;59;FSB;Votos Totais;23153;CENÁRIO 4 -  ESTIMULADO - 1º TURNO;5047;nenhum (N/A);nenhum;;1;8.00;7-10.fev.2020;2.00;2.00;Revista Veja;;;2000;1;N/A;
9231;2022;6;BRASIL;BR;3;Presidente;2;Estimulada;1;2020-02-10;59;FSB;Votos Totais;23154;CENÁRIO 5 - ESTIMULADO - 1º TURNO;706;Bolsonaro (N/A);Bolsonaro;2018-Presidente;0;28.00;7-10.fev.2020;2.00;2.00;Revista Veja;;;2000;1;N/A;
9231;2022;6;BRASIL;BR;3;Presidente;2;Estimulada;1;2020-02-10;59;FSB;Votos Totais;23154;CENÁRIO 5 - ESTIMULADO - 1º TURNO;5150;nulo (N/A);nulo;;1;1.00;7-10.fev.2020;2.00;2.00;Revista Veja;;;2000;1;N/A;
9231;2022;6;BRASIL;BR;3;Presidente;2;Estimulada;1;2020-02-10;59;FSB;Votos Totais;23154;CENÁRIO 5 - ESTIMULADO - 1º TURNO;5149;branco (N/A);branco;;1;1.00;7-10.fev.2020;2.00;2.00;Revista Veja;;;2000;1;N/A;
9231;2022;6;BRASIL;BR;3;Presidente;2;Estimulada;1;2020-02-10;59;FSB;Votos Totais;23154;CENÁRIO 5 - ESTIMULADO - 1º TURNO;1213;Não votaria em nenhum (N/A);Não votaria em nenhum;;1;1.00;7-10.fev.2020;2.00;2.00;Revista Veja;;;2000;1;N/A;
9231;2022;6;BRASIL;BR;3;Presidente;2;Estimulada;1;2020-02-10;59;FSB;Votos Totais;23154;CENÁRIO 5 - ESTIMULADO - 1º TURNO;5047;nenhum (N/A);nenhum;;1;8.00;7-10.fev.2020;2.00;2.00;Revista Veja;;;2000;1;N/A;
9231;2022;6;BRASIL;BR;3;Presidente;2;Estimulada;1;2020-02-10;59;FSB;Votos Totais;23154;CENÁRIO 5 - ESTIMULADO - 1º TURNO;855;João Doria (PSDB);João Doria;2018-Governador;0;3.00;7-10.fev.2020;2.00;2.00;Revista Veja;;;2000;33;PSDB;
9231;2022;6;BRASIL;BR;3;Presidente;2;Estimulada;1;2020-02-10;59;FSB;Votos Totais;23154;CENÁRIO 5 - ESTIMULADO - 1º TURNO;841;João Amoêdo (Novo);João Amoêdo;;0;4.00;7-10.fev.2020;2.00;2.00;Revista Veja;;;2000;5;Novo;
9231;2022;6;BRASIL;BR;3;Presidente;2;Estimulada;1;2020-02-10;59;FSB;Votos Totais;23154;CENÁRIO 5 - ESTIMULADO - 1º TURNO;289;Ciro (PDT);Ciro;;0;9.00;7-10.fev.2020;2.00;2.00;Revista Veja;;;2000;10;PDT;
9231;2022;6;BRASIL;BR;3;Presidente;2;Estimulada;1;2020-02-10;59;FSB;Votos Totais;23154;CENÁRIO 5 - ESTIMULADO - 1º TURNO;940;Luciano Huck (N/A);Luciano Huck;;0;13.00;7-10.fev.2020;2.00;2.00;Revista Veja;;;2000;1;N/A;
9231;2022;6;BRASIL;BR;3;Presidente;2;Estimulada;1;2020-02-10;59;FSB;Votos Totais;23154;CENÁRIO 5 - ESTIMULADO - 1º TURNO;508;Fernando Haddad (PT);Fernando Haddad;2018-Presidente;0;15.00;7-10.fev.2020;2.00;2.00;Revista Veja;;;2000;39;PT;
9231;2022;6;BRASIL;BR;3;Presidente;2;Estimulada;1;2020-02-10;59;FSB;Votos Totais;23154;CENÁRIO 5 - ESTIMULADO - 1º TURNO;1583;Sérgio Moro (N/A);Sérgio Moro;;0;17.00;7-10.fev.2020;2.00;2.00;Revista Veja;;;2000;1;N/A;
9231;2022;6;BRASIL;BR;3;Presidente;2;Estimulada;1;2020-02-10;59;FSB;Votos Totais;23154;CENÁRIO 5 - ESTIMULADO - 1º TURNO;1210;não sabe / não respondeu (N/A);não sabe / não respondeu;;1;1.00;7-10.fev.2020;2.00;2.00;Revista Veja;;;2000;1;N/A;
9297;2022;6;BRASIL;BR;3;Presidente;2;Estimulada;1;2020-04-29;105;Paraná Pesquisas;Votos Totais;23276;cenário 1 - estimulado - 1º turno;1583;Sérgio Moro (N/A);Sérgio Moro;;0;18.10;26-29.abr.2020;2.00;2.00;Veja;;;2006;1;N/A;
9297;2022;6;BRASIL;BR;3;Presidente;2;Estimulada;1;2020-04-29;105;Paraná Pesquisas;Votos Totais;23276;cenário 1 - estimulado - 1º turno;508;Fernando Haddad (PT);Fernando Haddad;2018-Presidente;0;14.10;26-29.abr.2020;2.00;2.00;Veja;;;2006;39;PT;
9297;2022;6;BRASIL;BR;3;Presidente;2;Estimulada;1;2020-04-29;105;Paraná Pesquisas;Votos Totais;23276;cenário 1 - estimulado - 1º turno;289;Ciro (PDT);Ciro;;0;10.30;26-29.abr.2020;2.00;2.00;Veja;;;2006;10;PDT;
9297;2022;6;BRASIL;BR;3;Presidente;2;Estimulada;1;2020-04-29;105;Paraná Pesquisas;Votos Totais;23276;cenário 1 - estimulado - 1º turno;940;Luciano Huck (N/A);Luciano Huck;;0;6.00;26-29.abr.2020;2.00;2.00;Veja;;;2006;1;N/A;
9297;2022;6;BRASIL;BR;3;Presidente;2;Estimulada;1;2020-04-29;105;Paraná Pesquisas;Votos Totais;23276;cenário 1 - estimulado - 1º turno;841;João Amoêdo (Novo);João Amoêdo;;0;4.00;26-29.abr.2020;2.00;2.00;Veja;;;2006;5;Novo;
9297;2022;6;BRASIL;BR;3;Presidente;2;Estimulada;1;2020-04-29;105;Paraná Pesquisas;Votos Totais;23276;cenário 1 - estimulado - 1º turno;855;João Doria (PSDB);João Doria;2018-Governador;0;3.70;26-29.abr.2020;2.00;2.00;Veja;;;2006;33;PSDB;
9297;2022;6;BRASIL;BR;3;Presidente;2;Estimulada;1;2020-04-29;105;Paraná Pesquisas;Votos Totais;23276;cenário 1 - estimulado - 1º turno;626;Guilherme Boulos (Psol);Guilherme Boulos;2020-Prefeito;0;1.20;26-29.abr.2020;2.00;2.00;Veja;;;2006;36;Psol;
9297;2022;6;BRASIL;BR;3;Presidente;2;Estimulada;1;2020-04-29;105;Paraná Pesquisas;Votos Totais;23276;cenário 1 - estimulado - 1º turno;4985;Juiz Wilson Witzel (PSC);Juiz Wilson Witzel;2018-Governador;0;1.00;26-29.abr.2020;2.00;2.00;Veja;;;2006;31;PSC;
9297;2022;6;BRASIL;BR;3;Presidente;2;Estimulada;1;2020-04-29;105;Paraná Pesquisas;Votos Totais;23276;cenário 1 - estimulado - 1º turno;5046;não sabe (N/A);não sabe;;1;5.40;26-29.abr.2020;2.00;2.00;Veja;;;2006;1;N/A;
9297;2022;6;BRASIL;BR;3;Presidente;2;Estimulada;1;2020-04-29;105;Paraná Pesquisas;Votos Totais;23276;cenário 1 - estimulado - 1º turno;5047;nenhum (N/A);nenhum;;1;9.20;26-29.abr.2020;2.00;2.00;Veja;;;2006;1;N/A;
9297;2022;6;BRASIL;BR;3;Presidente;2;Estimulada;1;2020-04-29;105;Paraná Pesquisas;Votos Totais;23276;cenário 1 - estimulado - 1º turno;706;Bolsonaro (N/A);Bolsonaro;2018-Presidente;0;27.00;26-29.abr.2020;2.00;2.00;Veja;;;2006;1;N/A;
9297;2022;6;BRASIL;BR;3;Presidente;2;Estimulada;1;2020-04-29;105;Paraná Pesquisas;Votos Totais;23277;cenário 2 - estimulado - 1º turno;706;Bolsonaro (N/A);Bolsonaro;2018-Presidente;0;29.10;26-29.abr.2020;2.00;2.00;Veja;;;2006;1;N/A;
9297;2022;6;BRASIL;BR;3;Presidente;2;Estimulada;1;2020-04-29;105;Paraná Pesquisas;Votos Totais;23277;cenário 2 - estimulado - 1º turno;508;Fernando Haddad (PT);Fernando Haddad;2018-Presidente;0;15.40;26-29.abr.2020;2.00;2.00;Veja;;;2006;39;PT;
9297;2022;6;BRASIL;BR;3;Presidente;2;Estimulada;1;2020-04-29;105;Paraná Pesquisas;Votos Totais;23277;cenário 2 - estimulado - 1º turno;289;Ciro (PDT);Ciro;;0;11.10;26-29.abr.2020;2.00;2.00;Veja;;;2006;10;PDT;
9297;2022;6;BRASIL;BR;3;Presidente;2;Estimulada;1;2020-04-29;105;Paraná Pesquisas;Votos Totais;23277;cenário 2 - estimulado - 1º turno;940;Luciano Huck (N/A);Luciano Huck;;0;8.10;26-29.abr.2020;2.00;2.00;Veja;;;2006;1;N/A;
9297;2022;6;BRASIL;BR;3;Presidente;2;Estimulada;1;2020-04-29;105;Paraná Pesquisas;Votos Totais;23277;cenário 2 - estimulado - 1º turno;3438;Luiz Henrique Mandetta (DEM);Luiz Henrique Mandetta;;0;6.80;26-29.abr.2020;2.00;2.00;Veja;;;2006;2;DEM;
9297;2022;6;BRASIL;BR;3;Presidente;2;Estimulada;1;2020-04-29;105;Paraná Pesquisas;Votos Totais;23277;cenário 2 - estimulado - 1º turno;841;João Amoêdo (Novo);João Amoêdo;;0;4.50;26-29.abr.2020;2.00;2.00;Veja;;;2006;5;Novo;
9297;2022;6;BRASIL;BR;3;Presidente;2;Estimulada;1;2020-04-29;105;Paraná Pesquisas;Votos Totais;23277;cenário 2 - estimulado - 1º turno;855;João Doria (PSDB);João Doria;2018-Governador;0;4.40;26-29.abr.2020;2.00;2.00;Veja;;;2006;33;PSDB;
9297;2022;6;BRASIL;BR;3;Presidente;2;Estimulada;1;2020-04-29;105;Paraná Pesquisas;Votos Totais;23277;cenário 2 - estimulado - 1º turno;523;Flávio Dino (PC do B);Flávio Dino;2018-Governador;0;1.40;26-29.abr.2020;2.00;2.00;Veja;;;2006;9;PC do B;
9297;2022;6;BRASIL;BR;3;Presidente;2;Estimulada;1;2020-04-29;105;Paraná Pesquisas;Votos Totais;23277;cenário 2 - estimulado - 1º turno;4985;Juiz Wilson Witzel (PSC);Juiz Wilson Witzel;2018-Governador;0;1.10;26-29.abr.2020;2.00;2.00;Veja;;;2006;31;PSC;
9297;2022;6;BRASIL;BR;3;Presidente;2;Estimulada;1;2020-04-29;105;Paraná Pesquisas;Votos Totais;23277;cenário 2 - estimulado - 1º turno;5046;não sabe (N/A);não sabe;;1;5.90;26-29.abr.2020;2.00;2.00;Veja;;;2006;1;N/A;
9297;2022;6;BRASIL;BR;3;Presidente;2;Estimulada;1;2020-04-29;105;Paraná Pesquisas;Votos Totais;23277;cenário 2 - estimulado - 1º turno;5047;nenhum (N/A);nenhum;;1;12.20;26-29.abr.2020;2.00;2.00;Veja;;;2006;1;N/A;
9297;2022;6;BRASIL;BR;3;Presidente;2;Estimulada;1;2020-04-29;105;Paraná Pesquisas;Votos Totais;23278;cenário 3 - estimulado - 1º turno;706;Bolsonaro (N/A);Bolsonaro;2018-Presidente;0;26.30;26-29.abr.2020;2.00;2.00;Veja;;;2006;1;N/A;
9297;2022;6;BRASIL;BR;3;Presidente;2;Estimulada;1;2020-04-29;105;Paraná Pesquisas;Votos Totais;23278;cenário 3 - estimulado - 1º turno;973;Lula (PT);Lula;;0;23.10;26-29.abr.2020;2.00;2.00;Veja;;;2006;39;PT;
9297;2022;6;BRASIL;BR;3;Presidente;2;Estimulada;1;2020-04-29;105;Paraná Pesquisas;Votos Totais;23278;cenário 3 - estimulado - 1º turno;1583;Sérgio Moro (N/A);Sérgio Moro;;0;17.50;26-29.abr.2020;2.00;2.00;Veja;;;2006;1;N/A;
9297;2022;6;BRASIL;BR;3;Presidente;2;Estimulada;1;2020-04-29;105;Paraná Pesquisas;Votos Totais;23278;cenário 3 - estimulado - 1º turno;289;Ciro (PDT);Ciro;;0;8.10;26-29.abr.2020;2.00;2.00;Veja;;;2006;10;PDT;
9297;2022;6;BRASIL;BR;3;Presidente;2;Estimulada;1;2020-04-29;105;Paraná Pesquisas;Votos Totais;23278;cenário 3 - estimulado - 1º turno;841;João Amoêdo (Novo);João Amoêdo;;0;4.00;26-29.abr.2020;2.00;2.00;Veja;;;2006;5;Novo;
9297;2022;6;BRASIL;BR;3;Presidente;2;Estimulada;1;2020-04-29;105;Paraná Pesquisas;Votos Totais;23278;cenário 3 - estimulado - 1º turno;855;João Doria (PSDB);João Doria;2018-Governador;0;3.80;26-29.abr.2020;2.00;2.00;Veja;;;2006;33;PSDB;
9297;2022;6;BRASIL;BR;3;Presidente;2;Estimulada;1;2020-04-29;105;Paraná Pesquisas;Votos Totais;23278;cenário 3 - estimulado - 1º turno;1076;Marina (Rede);Marina;2014-Presidente;0;2.30;26-29.abr.2020;2.00;2.00;Veja;;;2006;45;Rede;
9297;2022;6;BRASIL;BR;3;Presidente;2;Estimulada;1;2020-04-29;105;Paraná Pesquisas;Votos Totais;23278;cenário 3 - estimulado - 1º turno;4985;Juiz Wilson Witzel (PSC);Juiz Wilson Witzel;2018-Governador;0;1.20;26-29.abr.2020;2.00;2.00;Veja;;;2006;31;PSC;
9297;2022;6;BRASIL;BR;3;Presidente;2;Estimulada;1;2020-04-29;105;Paraná Pesquisas;Votos Totais;23278;cenário 3 - estimulado - 1º turno;626;Guilherme Boulos (Psol);Guilherme Boulos;2020-Prefeito;0;0.70;26-29.abr.2020;2.00;2.00;Veja;;;2006;36;Psol;
9297;2022;6;BRASIL;BR;3;Presidente;2;Estimulada;1;2020-04-29;105;Paraná Pesquisas;Votos Totais;23278;cenário 3 - estimulado - 1º turno;5046;não sabe (N/A);não sabe;;1;4.70;26-29.abr.2020;2.00;2.00;Veja;;;2006;1;N/A;
9297;2022;6;BRASIL;BR;3;Presidente;2;Estimulada;1;2020-04-29;105;Paraná Pesquisas;Votos Totais;23278;cenário 3 - estimulado - 1º turno;5047;nenhum (N/A);nenhum;;1;8.30;26-29.abr.2020;2.00;2.00;Veja;;;2006;1;N/A;
9314;2022;6;BRASIL;BR;3;Presidente;2;Estimulada;1;2020-07-21;105;Paraná Pesquisas;Votos Totais;23308;cenário 1 - estimulado - 1º turno;5047;nenhum (N/A);nenhum;;1;10.00;18-21.jul.2020;2.00;0.00;Revista Veja;;;2030;1;N/A;
9314;2022;6;BRASIL;BR;3;Presidente;2;Estimulada;1;2020-07-21;105;Paraná Pesquisas;Votos Totais;23308;cenário 1 - estimulado - 1º turno;5046;não sabe (N/A);não sabe;;1;4.90;18-21.jul.2020;2.00;0.00;Revista Veja;;;2030;1;N/A;
9314;2022;6;BRASIL;BR;3;Presidente;2;Estimulada;1;2020-07-21;105;Paraná Pesquisas;Votos Totais;23308;cenário 1 - estimulado - 1º turno;706;Bolsonaro (N/A);Bolsonaro;2018-Presidente;0;29.00;18-21.jul.2020;2.00;0.00;Revista Veja;;;2030;1;N/A;
9314;2022;6;BRASIL;BR;3;Presidente;2;Estimulada;1;2020-07-21;105;Paraná Pesquisas;Votos Totais;23308;cenário 1 - estimulado - 1º turno;1583;Sérgio Moro (N/A);Sérgio Moro;;0;17.10;18-21.jul.2020;2.00;0.00;Revista Veja;;;2030;1;N/A;
9314;2022;6;BRASIL;BR;3;Presidente;2;Estimulada;1;2020-07-21;105;Paraná Pesquisas;Votos Totais;23308;cenário 1 - estimulado - 1º turno;508;Fernando Haddad (PT);Fernando Haddad;2018-Presidente;0;13.40;18-21.jul.2020;2.00;0.00;Revista Veja;;;2030;39;PT;
9314;2022;6;BRASIL;BR;3;Presidente;2;Estimulada;1;2020-07-21;105;Paraná Pesquisas;Votos Totais;23308;cenário 1 - estimulado - 1º turno;289;Ciro (PDT);Ciro;;0;9.90;18-21.jul.2020;2.00;0.00;Revista Veja;;;2030;10;PDT;
9314;2022;6;BRASIL;BR;3;Presidente;2;Estimulada;1;2020-07-21;105;Paraná Pesquisas;Votos Totais;23308;cenário 1 - estimulado - 1º turno;940;Luciano Huck (N/A);Luciano Huck;;0;6.50;18-21.jul.2020;2.00;0.00;Revista Veja;;;2030;1;N/A;
9314;2022;6;BRASIL;BR;3;Presidente;2;Estimulada;1;2020-07-21;105;Paraná Pesquisas;Votos Totais;23308;cenário 1 - estimulado - 1º turno;855;João Doria (PSDB);João Doria;2018-Governador;0;4.00;18-21.jul.2020;2.00;0.00;Revista Veja;;;2030;33;PSDB;
9314;2022;6;BRASIL;BR;3;Presidente;2;Estimulada;1;2020-07-21;105;Paraná Pesquisas;Votos Totais;23308;cenário 1 - estimulado - 1º turno;841;João Amoêdo (Novo);João Amoêdo;;0;3.40;18-21.jul.2020;2.00;0.00;Revista Veja;;;2030;5;Novo;
9314;2022;6;BRASIL;BR;3;Presidente;2;Estimulada;1;2020-07-21;105;Paraná Pesquisas;Votos Totais;23308;cenário 1 - estimulado - 1º turno;626;Guilherme Boulos (Psol);Guilherme Boulos;2020-Prefeito;0;1.00;18-21.jul.2020;2.00;0.00;Revista Veja;;;2030;36;Psol;
9314;2022;6;BRASIL;BR;3;Presidente;2;Estimulada;1;2020-07-21;105;Paraná Pesquisas;Votos Totais;23308;cenário 1 - estimulado - 1º turno;4985;Juiz Wilson Witzel (PSC);Juiz Wilson Witzel;2018-Governador;0;0.70;18-21.jul.2020;2.00;0.00;Revista Veja;;;2030;31;PSC;
9314;2022;6;BRASIL;BR;3;Presidente;2;Estimulada;1;2020-07-21;105;Paraná Pesquisas;Votos Totais;23309;cenário 2 - estimulado - 1º turno;1076;Marina (Rede);Marina;2014-Presidente;0;2.50;18-21.jul.2020;2.00;0.00;Revista Veja;;;2030;45;Rede;
9314;2022;6;BRASIL;BR;3;Presidente;2;Estimulada;1;2020-07-21;105;Paraná Pesquisas;Votos Totais;23309;cenário 2 - estimulado - 1º turno;841;João Amoêdo (Novo);João Amoêdo;;0;3.40;18-21.jul.2020;2.00;0.00;Revista Veja;;;2030;5;Novo;
9314;2022;6;BRASIL;BR;3;Presidente;2;Estimulada;1;2020-07-21;105;Paraná Pesquisas;Votos Totais;23309;cenário 2 - estimulado - 1º turno;855;João Doria (PSDB);João Doria;2018-Governador;0;3.80;18-21.jul.2020;2.00;0.00;Revista Veja;;;2030;33;PSDB;
9314;2022;6;BRASIL;BR;3;Presidente;2;Estimulada;1;2020-07-21;105;Paraná Pesquisas;Votos Totais;23309;cenário 2 - estimulado - 1º turno;289;Ciro (PDT);Ciro;;0;8.30;18-21.jul.2020;2.00;0.00;Revista Veja;;;2030;10;PDT;
9314;2022;6;BRASIL;BR;3;Presidente;2;Estimulada;1;2020-07-21;105;Paraná Pesquisas;Votos Totais;23309;cenário 2 - estimulado - 1º turno;1583;Sérgio Moro (N/A);Sérgio Moro;;0;16.80;18-21.jul.2020;2.00;0.00;Revista Veja;;;2030;1;N/A;
9314;2022;6;BRASIL;BR;3;Presidente;2;Estimulada;1;2020-07-21;105;Paraná Pesquisas;Votos Totais;23309;cenário 2 - estimulado - 1º turno;973;Lula (PT);Lula;;0;21.90;18-21.jul.2020;2.00;0.00;Revista Veja;;;2030;39;PT;
9314;2022;6;BRASIL;BR;3;Presidente;2;Estimulada;1;2020-07-21;105;Paraná Pesquisas;Votos Totais;23309;cenário 2 - estimulado - 1º turno;626;Guilherme Boulos (Psol);Guilherme Boulos;2020-Prefeito;0;0.70;18-21.jul.2020;2.00;0.00;Revista Veja;;;2030;36;Psol;
9314;2022;6;BRASIL;BR;3;Presidente;2;Estimulada;1;2020-07-21;105;Paraná Pesquisas;Votos Totais;23309;cenário 2 - estimulado - 1º turno;5046;não sabe (N/A);não sabe;;1;4.60;18-21.jul.2020;2.00;0.00;Revista Veja;;;2030;1;N/A;
9314;2022;6;BRASIL;BR;3;Presidente;2;Estimulada;1;2020-07-21;105;Paraná Pesquisas;Votos Totais;23309;cenário 2 - estimulado - 1º turno;5047;nenhum (N/A);nenhum;;1;9.50;18-21.jul.2020;2.00;0.00;Revista Veja;;;2030;1;N/A;
9314;2022;6;BRASIL;BR;3;Presidente;2;Estimulada;1;2020-07-21;105;Paraná Pesquisas;Votos Totais;23309;cenário 2 - estimulado - 1º turno;706;Bolsonaro (N/A);Bolsonaro;2018-Presidente;0;27.50;18-21.jul.2020;2.00;0.00;Revista Veja;;;2030;1;N/A;
9314;2022;6;BRASIL;BR;3;Presidente;2;Estimulada;1;2020-07-21;105;Paraná Pesquisas;Votos Totais;23309;cenário 2 - estimulado - 1º turno;4985;Juiz Wilson Witzel (PSC);Juiz Wilson Witzel;2018-Governador;0;0.90;18-21.jul.2020;2.00;0.00;Revista Veja;;;2030;31;PSC;
9314;2022;6;BRASIL;BR;3;Presidente;2;Estimulada;1;2020-07-21;105;Paraná Pesquisas;Votos Totais;23310;cenário 3 - estimulado - 1º turno;5046;não sabe (N/A);não sabe;;1;6.10;18-21.jul.2020;2.00;0.00;Revista Veja;;;2030;1;N/A;
9314;2022;6;BRASIL;BR;3;Presidente;2;Estimulada;1;2020-07-21;105;Paraná Pesquisas;Votos Totais;23310;cenário 3 - estimulado - 1º turno;4985;Juiz Wilson Witzel (PSC);Juiz Wilson Witzel;2018-Governador;0;0.90;18-21.jul.2020;2.00;0.00;Revista Veja;;;2030;31;PSC;
9314;2022;6;BRASIL;BR;3;Presidente;2;Estimulada;1;2020-07-21;105;Paraná Pesquisas;Votos Totais;23310;cenário 3 - estimulado - 1º turno;523;Flávio Dino (PC do B);Flávio Dino;2018-Governador;0;1.60;18-21.jul.2020;2.00;0.00;Revista Veja;;;2030;9;PC do B;
9314;2022;6;BRASIL;BR;3;Presidente;2;Estimulada;1;2020-07-21;105;Paraná Pesquisas;Votos Totais;23310;cenário 3 - estimulado - 1º turno;841;João Amoêdo (Novo);João Amoêdo;;0;4.00;18-21.jul.2020;2.00;0.00;Revista Veja;;;2030;5;Novo;
9314;2022;6;BRASIL;BR;3;Presidente;2;Estimulada;1;2020-07-21;105;Paraná Pesquisas;Votos Totais;23310;cenário 3 - estimulado - 1º turno;855;João Doria (PSDB);João Doria;2018-Governador;0;4.60;18-21.jul.2020;2.00;0.00;Revista Veja;;;2030;33;PSDB;
9314;2022;6;BRASIL;BR;3;Presidente;2;Estimulada;1;2020-07-21;105;Paraná Pesquisas;Votos Totais;23310;cenário 3 - estimulado - 1º turno;3438;Luiz Henrique Mandetta (DEM);Luiz Henrique Mandetta;;0;5.70;18-21.jul.2020;2.00;0.00;Revista Veja;;;2030;2;DEM;
9314;2022;6;BRASIL;BR;3;Presidente;2;Estimulada;1;2020-07-21;105;Paraná Pesquisas;Votos Totais;23310;cenário 3 - estimulado - 1º turno;940;Luciano Huck (N/A);Luciano Huck;;0;8.30;18-21.jul.2020;2.00;0.00;Revista Veja;;;2030;1;N/A;
9314;2022;6;BRASIL;BR;3;Presidente;2;Estimulada;1;2020-07-21;105;Paraná Pesquisas;Votos Totais;23310;cenário 3 - estimulado - 1º turno;289;Ciro (PDT);Ciro;;0;10.70;18-21.jul.2020;2.00;0.00;Revista Veja;;;2030;10;PDT;
9314;2022;6;BRASIL;BR;3;Presidente;2;Estimulada;1;2020-07-21;105;Paraná Pesquisas;Votos Totais;23310;cenário 3 - estimulado - 1º turno;508;Fernando Haddad (PT);Fernando Haddad;2018-Presidente;0;14.50;18-21.jul.2020;2.00;0.00;Revista Veja;;;2030;39;PT;
9314;2022;6;BRASIL;BR;3;Presidente;2;Estimulada;1;2020-07-21;105;Paraná Pesquisas;Votos Totais;23310;cenário 3 - estimulado - 1º turno;706;Bolsonaro (N/A);Bolsonaro;2018-Presidente;0;30.70;18-21.jul.2020;2.00;0.00;Revista Veja;;;2030;1;N/A;
9314;2022;6;BRASIL;BR;3;Presidente;2;Estimulada;1;2020-07-21;105;Paraná Pesquisas;Votos Totais;23310;cenário 3 - estimulado - 1º turno;5047;nenhum (N/A);nenhum;;1;12.80;18-21.jul.2020;2.00;0.00;Revista Veja;;;2030;1;N/A;
9314;2022;6;BRASIL;BR;3;Presidente;2;Estimulada;2;2020-07-21;105;Paraná Pesquisas;Votos Totais;23311;cenário 1 - estimulado - 2º turno;5047;nenhum (N/A);nenhum;;1;16.80;18-21.jul.2020;2.00;0.00;Revista Veja;;;2030;1;N/A;
9314;2022;6;BRASIL;BR;3;Presidente;2;Estimulada;2;2020-07-21;105;Paraná Pesquisas;Votos Totais;23311;cenário 1 - estimulado - 2º turno;706;Bolsonaro (N/A);Bolsonaro;2018-Presidente;0;46.60;18-21.jul.2020;2.00;0.00;Revista Veja;;;2030;1;N/A;
9314;2022;6;BRASIL;BR;3;Presidente;2;Estimulada;2;2020-07-21;105;Paraná Pesquisas;Votos Totais;23311;cenário 1 - estimulado - 2º turno;508;Fernando Haddad (N/A);Fernando Haddad;2018-Presidente;0;32.00;18-21.jul.2020;2.00;0.00;Revista Veja;;;2030;1;N/A;
9314;2022;6;BRASIL;BR;3;Presidente;2;Estimulada;2;2020-07-21;105;Paraná Pesquisas;Votos Totais;23311;cenário 1 - estimulado - 2º turno;5046;não sabe (N/A);não sabe;;1;4.60;18-21.jul.2020;2.00;0.00;Revista Veja;;;2030;1;N/A;
9314;2022;6;BRASIL;BR;3;Presidente;2;Estimulada;2;2020-07-21;105;Paraná Pesquisas;Votos Totais;23312;cenário 2 - estimulado - 2º turno;5047;nenhum (N/A);nenhum;;1;13.70;18-21.jul.2020;2.00;0.00;Revista Veja;;;2030;1;N/A;
9314;2022;6;BRASIL;BR;3;Presidente;2;Estimulada;2;2020-07-21;105;Paraná Pesquisas;Votos Totais;23312;cenário 2 - estimulado - 2º turno;706;Bolsonaro (N/A);Bolsonaro;2018-Presidente;0;45.60;18-21.jul.2020;2.00;0.00;Revista Veja;;;2030;1;N/A;
9314;2022;6;BRASIL;BR;3;Presidente;2;Estimulada;2;2020-07-21;105;Paraná Pesquisas;Votos Totais;23312;cenário 2 - estimulado - 2º turno;973;Lula (PT);Lula;;0;36.40;18-21.jul.2020;2.00;0.00;Revista Veja;;;2030;39;PT;
9314;2022;6;BRASIL;BR;3;Presidente;2;Estimulada;2;2020-07-21;105;Paraná Pesquisas;Votos Totais;23312;cenário 2 - estimulado - 2º turno;5046;não sabe (N/A);não sabe;;1;4.30;18-21.jul.2020;2.00;0.00;Revista Veja;;;2030;1;N/A;
9314;2022;6;BRASIL;BR;3;Presidente;2;Estimulada;2;2020-07-21;105;Paraná Pesquisas;Votos Totais;23313;cenário 3 - estimulado - 2º turno;5046;não sabe (N/A);não sabe;;1;5.60;18-21.jul.2020;2.00;0.00;Revista Veja;;;2030;1;N/A;
9314;2022;6;BRASIL;BR;3;Presidente;2;Estimulada;2;2020-07-21;105;Paraná Pesquisas;Votos Totais;23313;cenário 3 - estimulado - 2º turno;5047;nenhum (N/A);nenhum;;1;14.60;18-21.jul.2020;2.00;0.00;Revista Veja;;;2030;1;N/A;
9314;2022;6;BRASIL;BR;3;Presidente;2;Estimulada;2;2020-07-21;105;Paraná Pesquisas;Votos Totais;23313;cenário 3 - estimulado - 2º turno;706;Bolsonaro (N/A);Bolsonaro;2018-Presidente;0;44.70;18-21.jul.2020;2.00;0.00;Revista Veja;;;2030;1;N/A;
9314;2022;6;BRASIL;BR;3;Presidente;2;Estimulada;2;2020-07-21;105;Paraná Pesquisas;Votos Totais;23313;cenário 3 - estimulado - 2º turno;1583;Sérgio Moro (N/A);Sérgio Moro;;0;35.00;18-21.jul.2020;2.00;0.00;Revista Veja;;;2030;1;N/A;
9314;2022;6;BRASIL;BR;3;Presidente;2;Estimulada;2;2020-07-21;105;Paraná Pesquisas;Votos Totais;23314;cenário 4 - estimulado - 2º turno;289;Ciro (PDT);Ciro;;0;31.10;18-21.jul.2020;2.00;0.00;Revista Veja;;;2030;10;PDT;
9314;2022;6;BRASIL;BR;3;Presidente;2;Estimulada;2;2020-07-21;105;Paraná Pesquisas;Votos Totais;23314;cenário 4 - estimulado - 2º turno;706;Bolsonaro (N/A);Bolsonaro;2018-Presidente;0;48.10;18-21.jul.2020;2.00;0.00;Revista Veja;;;2030;1;N/A;
9314;2022;6;BRASIL;BR;3;Presidente;2;Estimulada;2;2020-07-21;105;Paraná Pesquisas;Votos Totais;23314;cenário 4 - estimulado - 2º turno;5047;nenhum (N/A);nenhum;;1;16.20;18-21.jul.2020;2.00;0.00;Revista Veja;;;2030;1;N/A;
9314;2022;6;BRASIL;BR;3;Presidente;2;Estimulada;2;2020-07-21;105;Paraná Pesquisas;Votos Totais;23314;cenário 4 - estimulado - 2º turno;5046;não sabe (N/A);não sabe;;1;4.70;18-21.jul.2020;2.00;0.00;Revista Veja;;;2030;1;N/A;
9314;2022;6;BRASIL;BR;3;Presidente;2;Estimulada;2;2020-07-21;105;Paraná Pesquisas;Votos Totais;23315;cenário 5 - estimulado - 2º turno;855;João Doria (PSDB);João Doria;2018-Governador;0;23.00;18-21.jul.2020;2.00;0.00;Revista Veja;;;2030;33;PSDB;
9314;2022;6;BRASIL;BR;3;Presidente;2;Estimulada;2;2020-07-21;105;Paraná Pesquisas;Votos Totais;23315;cenário 5 - estimulado - 2º turno;5046;não sabe (N/A);não sabe;;1;5.70;18-21.jul.2020;2.00;0.00;Revista Veja;;;2030;1;N/A;
9314;2022;6;BRASIL;BR;3;Presidente;2;Estimulada;2;2020-07-21;105;Paraná Pesquisas;Votos Totais;23315;cenário 5 - estimulado - 2º turno;5047;nenhum (N/A);nenhum;;1;19.70;18-21.jul.2020;2.00;0.00;Revista Veja;;;2030;1;N/A;
9314;2022;6;BRASIL;BR;3;Presidente;2;Estimulada;2;2020-07-21;105;Paraná Pesquisas;Votos Totais;23315;cenário 5 - estimulado - 2º turno;706;Bolsonaro (N/A);Bolsonaro;2018-Presidente;0;51.70;18-21.jul.2020;2.00;0.00;Revista Veja;;;2030;1;N/A;
9314;2022;6;BRASIL;BR;3;Presidente;2;Estimulada;2;2020-07-21;105;Paraná Pesquisas;Votos Totais;23316;cenário 6 - estimulado - 2º turno;5046;não sabe (N/A);não sabe;;1;5.40;18-21.jul.2020;2.00;0.00;Revista Veja;;;2030;1;N/A;
9314;2022;6;BRASIL;BR;3;Presidente;2;Estimulada;2;2020-07-21;105;Paraná Pesquisas;Votos Totais;23316;cenário 6 - estimulado - 2º turno;940;Luciano Huck (N/A);Luciano Huck;;0;27.60;18-21.jul.2020;2.00;0.00;Revista Veja;;;2030;1;N/A;
9314;2022;6;BRASIL;BR;3;Presidente;2;Estimulada;2;2020-07-21;105;Paraná Pesquisas;Votos Totais;23316;cenário 6 - estimulado - 2º turno;706;Bolsonaro (N/A);Bolsonaro;2018-Presidente;0;50.80;18-21.jul.2020;2.00;0.00;Revista Veja;;;2030;1;N/A;
9314;2022;6;BRASIL;BR;3;Presidente;2;Estimulada;2;2020-07-21;105;Paraná Pesquisas;Votos Totais;23316;cenário 6 - estimulado - 2º turno;5047;nenhum (N/A);nenhum;;1;16.20;18-21.jul.2020;2.00;0.00;Revista Veja;;;2030;1;N/A;
9313;2022;6;BRASIL;BR;3;Presidente;2;Estimulada;1;2020-08-05;356;PoderData;Votos Totais;23304;cenário 1 - estimulado - 1º turno;209;branco / nulo (N/A);branco / nulo;;1;12.00;3-5.ago.2020;2.00;2.00;;;;2500;1;N/A;
9313;2022;6;BRASIL;BR;3;Presidente;2;Estimulada;1;2020-08-05;356;PoderData;Votos Totais;23304;cenário 1 - estimulado - 1º turno;5046;não sabe (N/A);não sabe;;1;8.00;3-5.ago.2020;2.00;2.00;;;;2500;1;N/A;
9313;2022;6;BRASIL;BR;3;Presidente;2;Estimulada;1;2020-08-05;356;PoderData;Votos Totais;23304;cenário 1 - estimulado - 1º turno;508;Fernando Haddad (PT);Fernando Haddad;2018-Presidente;0;14.00;3-5.ago.2020;2.00;2.00;;;;2500;39;PT;
9313;2022;6;BRASIL;BR;3;Presidente;2;Estimulada;1;2020-08-05;356;PoderData;Votos Totais;23304;cenário 1 - estimulado - 1º turno;706;Bolsonaro (N/A);Bolsonaro;2018-Presidente;0;38.00;3-5.ago.2020;2.00;2.00;;;;2500;1;N/A;
9313;2022;6;BRASIL;BR;3;Presidente;2;Estimulada;1;2020-08-05;356;PoderData;Votos Totais;23304;cenário 1 - estimulado - 1º turno;289;Ciro (PDT);Ciro;;0;6.00;3-5.ago.2020;2.00;2.00;;;;2500;10;PDT;
9313;2022;6;BRASIL;BR;3;Presidente;2;Estimulada;1;2020-08-05;356;PoderData;Votos Totais;23304;cenário 1 - estimulado - 1º turno;1583;Sérgio Moro (N/A);Sérgio Moro;;0;10.00;3-5.ago.2020;2.00;2.00;;;;2500;1;N/A;
9313;2022;6;BRASIL;BR;3;Presidente;2;Estimulada;1;2020-08-05;356;PoderData;Votos Totais;23304;cenário 1 - estimulado - 1º turno;3438;Luiz Henrique Mandetta (DEM);Luiz Henrique Mandetta;;0;5.00;3-5.ago.2020;2.00;2.00;;;;2500;2;DEM;
9313;2022;6;BRASIL;BR;3;Presidente;2;Estimulada;1;2020-08-05;356;PoderData;Votos Totais;23304;cenário 1 - estimulado - 1º turno;855;João Doria (PSDB);João Doria;2018-Governador;0;4.00;3-5.ago.2020;2.00;2.00;;;;2500;33;PSDB;
9313;2022;6;BRASIL;BR;3;Presidente;2;Estimulada;1;2020-08-05;356;PoderData;Votos Totais;23304;cenário 1 - estimulado - 1º turno;523;Flávio Dino (PC do B);Flávio Dino;2018-Governador;0;3.00;3-5.ago.2020;2.00;2.00;;;;2500;9;PC do B;
9313;2022;6;BRASIL;BR;3;Presidente;2;Estimulada;2;2020-08-05;356;PoderData;Votos Totais;23305;cenário 1 - estimulado - 2º turno;214;branco / nulo / não sabe / não respondeu (N/A);branco / nulo / não sabe / não respondeu;;1;18.00;3-5.ago.2020;2.00;2.00;;;;2500;1;N/A;
9313;2022;6;BRASIL;BR;3;Presidente;2;Estimulada;2;2020-08-05;356;PoderData;Votos Totais;23305;cenário 1 - estimulado - 2º turno;706;Bolsonaro (N/A);Bolsonaro;2018-Presidente;0;41.00;3-5.ago.2020;2.00;2.00;;;;2500;1;N/A;
9313;2022;6;BRASIL;BR;3;Presidente;2;Estimulada;2;2020-08-05;356;PoderData;Votos Totais;23305;cenário 1 - estimulado - 2º turno;1583;Sérgio Moro (N/A);Sérgio Moro;;0;41.00;3-5.ago.2020;2.00;2.00;;;;2500;1;N/A;
9313;2022;6;BRASIL;BR;3;Presidente;2;Estimulada;2;2020-08-05;356;PoderData;Votos Totais;23306;cenário 2 - estimulado - 2º turno;214;branco / nulo / não sabe / não respondeu (N/A);branco / nulo / não sabe / não respondeu;;1;24.00;3-5.ago.2020;2.00;2.00;;;;2500;1;N/A;
9313;2022;6;BRASIL;BR;3;Presidente;2;Estimulada;2;2020-08-05;356;PoderData;Votos Totais;23306;cenário 2 - estimulado - 2º turno;508;Fernando Haddad (PT);Fernando Haddad;2018-Presidente;0;34.00;3-5.ago.2020;2.00;2.00;;;;2500;39;PT;
9313;2022;6;BRASIL;BR;3;Presidente;2;Estimulada;2;2020-08-05;356;PoderData;Votos Totais;23306;cenário 2 - estimulado - 2º turno;706;Bolsonaro (N/A);Bolsonaro;2018-Presidente;0;42.00;3-5.ago.2020;2.00;2.00;;;;2500;1;N/A;
9313;2022;6;BRASIL;BR;3;Presidente;2;Estimulada;2;2020-08-05;356;PoderData;Votos Totais;23307;cenário 3 - estimulado - 2º turno;214;branco / nulo / não sabe / não respondeu (N/A);branco / nulo / não sabe / não respondeu;;1;26.00;3-5.ago.2020;2.00;2.00;;;;2500;1;N/A;
9313;2022;6;BRASIL;BR;3;Presidente;2;Estimulada;2;2020-08-05;356;PoderData;Votos Totais;23307;cenário 3 - estimulado - 2º turno;706;Bolsonaro (N/A);Bolsonaro;2018-Presidente;0;44.00;3-5.ago.2020;2.00;2.00;;;;2500;1;N/A;
9313;2022;6;BRASIL;BR;3;Presidente;2;Estimulada;2;2020-08-05;356;PoderData;Votos Totais;23307;cenário 3 - estimulado - 2º turno;855;João Doria (PSDB);João Doria;2018-Governador;0;30.00;3-5.ago.2020;2.00;2.00;;;;2500;33;PSDB;
9328;2022;6;BRASIL;BR;3;Presidente;2;Estimulada;1;2020-09-16;356;PoderData;Votos Totais;23348;cenário 1 - estimulado - 1º turno;289;Ciro (PDT);Ciro;;0;3.00;14-16.set.2020;2.00;2.00;;;;2500;10;PDT;
9328;2022;6;BRASIL;BR;3;Presidente;2;Estimulada;1;2020-09-16;356;PoderData;Votos Totais;23348;cenário 1 - estimulado - 1º turno;523;Flávio Dino (PC do B);Flávio Dino;2018-Governador;0;3.00;14-16.set.2020;2.00;2.00;;;;2500;9;PC do B;
9328;2022;6;BRASIL;BR;3;Presidente;2;Estimulada;1;2020-09-16;356;PoderData;Votos Totais;23348;cenário 1 - estimulado - 1º turno;209;branco / nulo (N/A);branco / nulo;;1;11.00;14-16.set.2020;2.00;2.00;;;;2500;1;N/A;
9328;2022;6;BRASIL;BR;3;Presidente;2;Estimulada;1;2020-09-16;356;PoderData;Votos Totais;23348;cenário 1 - estimulado - 1º turno;5046;não sabe (N/A);não sabe;;1;7.00;14-16.set.2020;2.00;2.00;;;;2500;1;N/A;
9328;2022;6;BRASIL;BR;3;Presidente;2;Estimulada;1;2020-09-16;356;PoderData;Votos Totais;23348;cenário 1 - estimulado - 1º turno;706;Bolsonaro (sem partido);Bolsonaro;2018-Presidente;0;35.00;14-16.set.2020;2.00;2.00;;;;2500;47;sem partido;
9328;2022;6;BRASIL;BR;3;Presidente;2;Estimulada;1;2020-09-16;356;PoderData;Votos Totais;23348;cenário 1 - estimulado - 1º turno;973;Lula (PT);Lula;;0;21.00;14-16.set.2020;2.00;2.00;;;;2500;39;PT;
9328;2022;6;BRASIL;BR;3;Presidente;2;Estimulada;1;2020-09-16;356;PoderData;Votos Totais;23348;cenário 1 - estimulado - 1º turno;1583;Sérgio Moro (sem partido);Sérgio Moro;;0;11.00;14-16.set.2020;2.00;2.00;;;;2500;47;sem partido;
9328;2022;6;BRASIL;BR;3;Presidente;2;Estimulada;1;2020-09-16;356;PoderData;Votos Totais;23348;cenário 1 - estimulado - 1º turno;3438;Luiz Henrique Mandetta (DEM);Luiz Henrique Mandetta;;0;5.00;14-16.set.2020;2.00;2.00;;;;2500;2;DEM;
9328;2022;6;BRASIL;BR;3;Presidente;2;Estimulada;1;2020-09-16;356;PoderData;Votos Totais;23348;cenário 1 - estimulado - 1º turno;855;João Doria (PSDB);João Doria;2018-Governador;0;4.00;14-16.set.2020;2.00;2.00;;;;2500;33;PSDB;
9328;2022;6;BRASIL;BR;3;Presidente;2;Estimulada;1;2020-09-16;356;PoderData;Votos Totais;23349;cenário 2 - estimulado - 1º turno;289;Ciro (PDT);Ciro;;0;7.00;14-16.set.2020;2.00;2.00;;;;2500;10;PDT;
9328;2022;6;BRASIL;BR;3;Presidente;2;Estimulada;1;2020-09-16;356;PoderData;Votos Totais;23349;cenário 2 - estimulado - 1º turno;508;Fernando Haddad (PT);Fernando Haddad;2018-Presidente;0;10.00;14-16.set.2020;2.00;2.00;;;;2500;39;PT;
9328;2022;6;BRASIL;BR;3;Presidente;2;Estimulada;1;2020-09-16;356;PoderData;Votos Totais;23349;cenário 2 - estimulado - 1º turno;1583;Sérgio Moro (sem partido);Sérgio Moro;;0;13.00;14-16.set.2020;2.00;2.00;;;;2500;47;sem partido;
9328;2022;6;BRASIL;BR;3;Presidente;2;Estimulada;1;2020-09-16;356;PoderData;Votos Totais;23349;cenário 2 - estimulado - 1º turno;706;Bolsonaro (sem partido);Bolsonaro;2018-Presidente;0;35.00;14-16.set.2020;2.00;2.00;;;;2500;47;sem partido;
9328;2022;6;BRASIL;BR;3;Presidente;2;Estimulada;1;2020-09-16;356;PoderData;Votos Totais;23349;cenário 2 - estimulado - 1º turno;3438;Luiz Henrique Mandetta (DEM);Luiz Henrique Mandetta;;0;7.00;14-16.set.2020;2.00;2.00;;;;2500;2;DEM;
9328;2022;6;BRASIL;BR;3;Presidente;2;Estimulada;1;2020-09-16;356;PoderData;Votos Totais;23349;cenário 2 - estimulado - 1º turno;855;João Doria (PSDB);João Doria;2018-Governador;0;5.00;14-16.set.2020;2.00;2.00;;;;2500;33;PSDB;
9328;2022;6;BRASIL;BR;3;Presidente;2;Estimulada;1;2020-09-16;356;PoderData;Votos Totais;23349;cenário 2 - estimulado - 1º turno;523;Flávio Dino (PC do B);Flávio Dino;2018-Governador;0;4.00;14-16.set.2020;2.00;2.00;;;;2500;9;PC do B;
9328;2022;6;BRASIL;BR;3;Presidente;2;Estimulada;1;2020-09-16;356;PoderData;Votos Totais;23349;cenário 2 - estimulado - 1º turno;209;branco / nulo (N/A);branco / nulo;;1;13.00;14-16.set.2020;2.00;2.00;;;;2500;1;N/A;
9328;2022;6;BRASIL;BR;3;Presidente;2;Estimulada;1;2020-09-16;356;PoderData;Votos Totais;23349;cenário 2 - estimulado - 1º turno;5046;não sabe (N/A);não sabe;;1;6.00;14-16.set.2020;2.00;2.00;;;;2500;1;N/A;
9328;2022;6;BRASIL;BR;3;Presidente;2;Estimulada;2;2020-09-16;356;PoderData;Votos Totais;23350;cenário 1 - estimulado - 2º turno;508;Fernando Haddad (PT);Fernando Haddad;2018-Presidente;0;38.00;14-16.set.2020;2.00;2.00;;;;2500;39;PT;
9328;2022;6;BRASIL;BR;3;Presidente;2;Estimulada;2;2020-09-16;356;PoderData;Votos Totais;23350;cenário 1 - estimulado - 2º turno;706;Bolsonaro (sem partido);Bolsonaro;2018-Presidente;0;45.00;14-16.set.2020;2.00;2.00;;;;2500;47;sem partido;
9328;2022;6;BRASIL;BR;3;Presidente;2;Estimulada;2;2020-09-16;356;PoderData;Votos Totais;23350;cenário 1 - estimulado - 2º turno;209;branco / nulo (N/A);branco / nulo;;1;16.00;14-16.set.2020;2.00;2.00;;;;2500;1;N/A;
9328;2022;6;BRASIL;BR;3;Presidente;2;Estimulada;2;2020-09-16;356;PoderData;Votos Totais;23350;cenário 1 - estimulado - 2º turno;5046;não sabe (N/A);não sabe;;1;1.00;14-16.set.2020;2.00;2.00;;;;2500;1;N/A;
9328;2022;6;BRASIL;BR;3;Presidente;2;Estimulada;2;2020-09-16;356;PoderData;Votos Totais;23351;cenário 2 - estimulado - 2º turno;706;Bolsonaro (sem partido);Bolsonaro;2018-Presidente;0;40.00;14-16.set.2020;2.00;2.00;;;;2500;47;sem partido;
9328;2022;6;BRASIL;BR;3;Presidente;2;Estimulada;2;2020-09-16;356;PoderData;Votos Totais;23351;cenário 2 - estimulado - 2º turno;1583;Sérgio Moro (sem partido);Sérgio Moro;;0;37.00;14-16.set.2020;2.00;2.00;;;;2500;47;sem partido;
9328;2022;6;BRASIL;BR;3;Presidente;2;Estimulada;2;2020-09-16;356;PoderData;Votos Totais;23351;cenário 2 - estimulado - 2º turno;209;branco / nulo (N/A);branco / nulo;;1;20.00;14-16.set.2020;2.00;2.00;;;;2500;1;N/A;
9328;2022;6;BRASIL;BR;3;Presidente;2;Estimulada;2;2020-09-16;356;PoderData;Votos Totais;23351;cenário 2 - estimulado - 2º turno;5046;não sabe (N/A);não sabe;;1;3.00;14-16.set.2020;2.00;2.00;;;;2500;1;N/A;
9328;2022;6;BRASIL;BR;3;Presidente;2;Estimulada;2;2020-09-16;356;PoderData;Votos Totais;23352;cenário 3 - estimulado - 2º turno;706;Bolsonaro (PSL);Bolsonaro;2018-Presidente;0;48.00;14-16.set.2020;2.00;2.00;;;;2500;35;PSL;
9328;2022;6;BRASIL;BR;3;Presidente;2;Estimulada;2;2020-09-16;356;PoderData;Votos Totais;23352;cenário 3 - estimulado - 2º turno;289;Ciro (PDT);Ciro;;0;33.00;14-16.set.2020;2.00;2.00;;;;2500;10;PDT;
9328;2022;6;BRASIL;BR;3;Presidente;2;Estimulada;2;2020-09-16;356;PoderData;Votos Totais;23352;cenário 3 - estimulado - 2º turno;209;branco / nulo (N/A);branco / nulo;;1;17.00;14-16.set.2020;2.00;2.00;;;;2500;1;N/A;
9328;2022;6;BRASIL;BR;3;Presidente;2;Estimulada;2;2020-09-16;356;PoderData;Votos Totais;23352;cenário 3 - estimulado - 2º turno;5046;não sabe (N/A);não sabe;;1;2.00;14-16.set.2020;2.00;2.00;;;;2500;1;N/A;
9328;2022;6;BRASIL;BR;3;Presidente;2;Estimulada;2;2020-09-16;356;PoderData;Votos Totais;23353;cenário 4 - estimulado - 2º turno;209;branco / nulo (N/A);branco / nulo;;1;20.00;14-16.set.2020;2.00;2.00;;;;2500;1;N/A;
9328;2022;6;BRASIL;BR;3;Presidente;2;Estimulada;2;2020-09-16;356;PoderData;Votos Totais;23353;cenário 4 - estimulado - 2º turno;5046;não sabe (N/A);não sabe;;1;3.00;14-16.set.2020;2.00;2.00;;;;2500;1;N/A;
9328;2022;6;BRASIL;BR;3;Presidente;2;Estimulada;2;2020-09-16;356;PoderData;Votos Totais;23353;cenário 4 - estimulado - 2º turno;706;Bolsonaro (sem partido);Bolsonaro;2018-Presidente;0;45.00;14-16.set.2020;2.00;2.00;;;;2500;47;sem partido;
9328;2022;6;BRASIL;BR;3;Presidente;2;Estimulada;2;2020-09-16;356;PoderData;Votos Totais;23353;cenário 4 - estimulado - 2º turno;855;João Doria (PSDB);João Doria;2018-Governador;0;32.00;14-16.set.2020;2.00;2.00;;;;2500;33;PSDB;
9328;2022;6;BRASIL;BR;3;Presidente;2;Estimulada;2;2020-09-16;356;PoderData;Votos Totais;23354;cenário 5 - estimulado - 2º turno;973;Lula (PT);Lula;;0;41.00;14-16.set.2020;2.00;2.00;;;;2500;39;PT;
9328;2022;6;BRASIL;BR;3;Presidente;2;Estimulada;2;2020-09-16;356;PoderData;Votos Totais;23354;cenário 5 - estimulado - 2º turno;5046;não sabe (N/A);não sabe;;1;5.00;14-16.set.2020;2.00;2.00;;;;2500;1;N/A;
9328;2022;6;BRASIL;BR;3;Presidente;2;Estimulada;2;2020-09-16;356;PoderData;Votos Totais;23354;cenário 5 - estimulado - 2º turno;706;Bolsonaro (sem partido);Bolsonaro;2018-Presidente;0;41.00;14-16.set.2020;2.00;2.00;;;;2500;47;sem partido;
9328;2022;6;BRASIL;BR;3;Presidente;2;Estimulada;2;2020-09-16;356;PoderData;Votos Totais;23354;cenário 5 - estimulado - 2º turno;209;branco / nulo (N/A);branco / nulo;;1;13.00;14-16.set.2020;2.00;2.00;;;;2500;1;N/A;
9371;2022;6;BRASIL;BR;3;Presidente;2;Estimulada;1;2020-10-08;332;Ideia Big Data;Votos Totais;23447;cenário 1 - estimulado - 1º turno;855;João Doria (PSDB);João Doria;2018-Governador;0;3.00;5-8.out.2020;3.00;3.00;Exame;;;1200;33;PSDB;
9371;2022;6;BRASIL;BR;3;Presidente;2;Estimulada;1;2020-10-08;332;Ideia Big Data;Votos Totais;23447;cenário 1 - estimulado - 1º turno;841;João Amoêdo (Novo);João Amoêdo;;0;3.00;5-8.out.2020;3.00;3.00;Exame;;;1200;5;Novo;
9371;2022;6;BRASIL;BR;3;Presidente;2;Estimulada;1;2020-10-08;332;Ideia Big Data;Votos Totais;23447;cenário 1 - estimulado - 1º turno;1076;Marina (Rede);Marina;2014-Presidente;0;2.00;5-8.out.2020;3.00;3.00;Exame;;;1200;45;Rede;
9371;2022;6;BRASIL;BR;3;Presidente;2;Estimulada;1;2020-10-08;332;Ideia Big Data;Votos Totais;23447;cenário 1 - estimulado - 1º turno;1243;Outros (N/A);Outros;;1;1.00;5-8.out.2020;3.00;3.00;Exame;;;1200;1;N/A;
9371;2022;6;BRASIL;BR;3;Presidente;2;Estimulada;1;2020-10-08;332;Ideia Big Data;Votos Totais;23447;cenário 1 - estimulado - 1º turno;523;Flávio Dino (PC do B);Flávio Dino;2018-Governador;0;1.00;5-8.out.2020;3.00;3.00;Exame;;;1200;9;PC do B;
9371;2022;6;BRASIL;BR;3;Presidente;2;Estimulada;1;2020-10-08;332;Ideia Big Data;Votos Totais;23447;cenário 1 - estimulado - 1º turno;940;Luciano Huck (sem partido);Luciano Huck;;0;5.00;5-8.out.2020;3.00;3.00;Exame;;;1200;47;sem partido;
9371;2022;6;BRASIL;BR;3;Presidente;2;Estimulada;1;2020-10-08;332;Ideia Big Data;Votos Totais;23447;cenário 1 - estimulado - 1º turno;706;Bolsonaro (sem partido);Bolsonaro;2018-Presidente;0;31.00;5-8.out.2020;3.00;3.00;Exame;;;1200;47;sem partido;
9371;2022;6;BRASIL;BR;3;Presidente;2;Estimulada;1;2020-10-08;332;Ideia Big Data;Votos Totais;23447;cenário 1 - estimulado - 1º turno;973;Lula (PT);Lula;;0;17.00;5-8.out.2020;3.00;3.00;Exame;;;1200;39;PT;
9371;2022;6;BRASIL;BR;3;Presidente;2;Estimulada;1;2020-10-08;332;Ideia Big Data;Votos Totais;23447;cenário 1 - estimulado - 1º turno;1583;Sérgio Moro (sem partido);Sérgio Moro;;0;13.00;5-8.out.2020;3.00;3.00;Exame;;;1200;47;sem partido;
9371;2022;6;BRASIL;BR;3;Presidente;2;Estimulada;1;2020-10-08;332;Ideia Big Data;Votos Totais;23447;cenário 1 - estimulado - 1º turno;5046;não sabe (N/A);não sabe;;1;7.00;5-8.out.2020;3.00;3.00;Exame;;;1200;1;N/A;
9371;2022;6;BRASIL;BR;3;Presidente;2;Estimulada;1;2020-10-08;332;Ideia Big Data;Votos Totais;23447;cenário 1 - estimulado - 1º turno;209;branco / nulo (N/A);branco / nulo;;1;7.00;5-8.out.2020;3.00;3.00;Exame;;;1200;1;N/A;
9371;2022;6;BRASIL;BR;3;Presidente;2;Estimulada;1;2020-10-08;332;Ideia Big Data;Votos Totais;23447;cenário 1 - estimulado - 1º turno;289;Ciro (PDT);Ciro;;0;6.00;5-8.out.2020;3.00;3.00;Exame;;;1200;10;PDT;
9371;2022;6;BRASIL;BR;3;Presidente;2;Estimulada;1;2020-10-08;332;Ideia Big Data;Votos Totais;23447;cenário 1 - estimulado - 1º turno;3438;Luiz Henrique Mandetta (DEM);Luiz Henrique Mandetta;;0;4.00;5-8.out.2020;3.00;3.00;Exame;;;1200;2;DEM;
9371;2022;6;BRASIL;BR;3;Presidente;2;Estimulada;2;2020-10-08;332;Ideia Big Data;Votos Totais;23448;cenário 1 - estimulado - 2º turno;209;branco / nulo (N/A);branco / nulo;;1;21.00;5-8.out.2020;3.00;3.00;Exame;;;1200;1;N/A;
9371;2022;6;BRASIL;BR;3;Presidente;2;Estimulada;2;2020-10-08;332;Ideia Big Data;Votos Totais;23448;cenário 1 - estimulado - 2º turno;706;Bolsonaro (PSL);Bolsonaro;2018-Presidente;0;42.00;5-8.out.2020;3.00;3.00;Exame;;;1200;35;PSL;
9371;2022;6;BRASIL;BR;3;Presidente;2;Estimulada;2;2020-10-08;332;Ideia Big Data;Votos Totais;23448;cenário 1 - estimulado - 2º turno;973;Lula (PT);Lula;;0;31.00;5-8.out.2020;3.00;3.00;Exame;;;1200;39;PT;
9371;2022;6;BRASIL;BR;3;Presidente;2;Estimulada;2;2020-10-08;332;Ideia Big Data;Votos Totais;23448;cenário 1 - estimulado - 2º turno;5046;não sabe (N/A);não sabe;;1;6.00;5-8.out.2020;3.00;3.00;Exame;;;1200;1;N/A;
9371;2022;6;BRASIL;BR;3;Presidente;2;Estimulada;2;2020-10-08;332;Ideia Big Data;Votos Totais;23449;cenário 2 - estimulado - 2º turno;5046;não sabe (N/A);não sabe;;1;8.00;5-8.out.2020;3.00;3.00;Exame;;;1200;1;N/A;
9371;2022;6;BRASIL;BR;3;Presidente;2;Estimulada;2;2020-10-08;332;Ideia Big Data;Votos Totais;23449;cenário 2 - estimulado - 2º turno;706;Bolsonaro (sem partido);Bolsonaro;2018-Presidente;0;38.00;5-8.out.2020;3.00;3.00;Exame;;;1200;47;sem partido;
9371;2022;6;BRASIL;BR;3;Presidente;2;Estimulada;2;2020-10-08;332;Ideia Big Data;Votos Totais;23449;cenário 2 - estimulado - 2º turno;209;branco / nulo (N/A);branco / nulo;;1;23.00;5-8.out.2020;3.00;3.00;Exame;;;1200;1;N/A;
9371;2022;6;BRASIL;BR;3;Presidente;2;Estimulada;2;2020-10-08;332;Ideia Big Data;Votos Totais;23449;cenário 2 - estimulado - 2º turno;1583;Sérgio Moro (sem partido);Sérgio Moro;;0;31.00;5-8.out.2020;3.00;3.00;Exame;;;1200;47;sem partido;
